VECTOR RENTA AT2024;;;;;;;
requerimiento_funcional;;;;;;;
nombre_requerimiento;Vector Vx010006;req_obligatorio;1;;;;
activo;1;;;;;;
vigencia_exclusiva;1;;;;;;
fuente_informacion;Declaracion Jurada sobre Nomina Sence (F4500);;;;;;
campo_especifico;Columna {Monto Autorizado SENCE};;;;;;
algoritmo_generacion;Vx010006 = {Monto Autorizado SENCE};;;;;;
formato_detalle;Registro Nomina;;;;;;
campos_salida;Rut1, Valor;;;;;;
manejo_errores;Si el vector no se genera, dar aviso a D.D.O.;;;;;;
requerimiento_funcional;;;;;;;
nombre_requerimiento;Vector Vx010007;req_obligatorio;1;;;;
activo;1;;;;;;
vigencia_exclusiva;1;;;;;;
fuente_informacion;F1879;;;;;;
campo_especifico;Columna {Monto Retenido Anual Actualizado (del 01/01 al 31/12) / Honorarios y;;;;;;
algoritmo_generacion;F1879;;;;;;
formato_detalle;Algoritmo de Generacion del Vector;;;;;;
campos_salida;Rut1, Valor;;;;;;
manejo_errores;Si el vector no se genera, dar aviso a D.D.O.;;;;;;
campo_especifico;;;;;;;
algoritmo_generacion;;;;;;;
requerimiento_funcional;;;;;;;
nombre_requerimiento;Vector Vx010009;eq. Obligatorio;1;;;;
activo;1;;;;;;
vigencia_exclusiva;;;;;;;
fuente_informacion;F29;;;;;;
campo_especifico;[151];;;;;;
algoritmo_generacion;F29;;;;;;
formato_detalle;Folio;Periodo Tributario;Fecha de Presentacion;Codigo [151];;;
campos_salida;Rut1, Valor;;;;;;
manejo_errores;;;;;;;
algoritmo_generacion;;;;;;;
requerimiento_funcional;;;;;;;
nombre_requerimiento;VECTOR VX010010;req_obligatorio;1;;;;
activo;1;;;;;;
vigencia_exclusiva;;;;;;;
fuente_informacion;F1879;;;;;;
campo_especifico;Columna{MontoRetenidoAnual;;;;;;
algoritmo_generacion;F1879;;;;;;
formato_detalle;Registros DDJJ;;;;;;
campos_salida;Rut1, Valor;;;;;;
manejo_errores;;;;;;;
nombre_requerimiento;;;;;;;
req_obligatorio;;;;;;;
activo;;;;;;;
campo_especifico;;;;;;;
algoritmo_generacion;;;;;;;
nombre_requerimiento;;;;;;;
requerimiento_funcional;;;;;;;
nombre_requerimiento;VECTOR VX010011;req_obligatorio;1;;;;
activo;1;;;;;;
vigencia_exclusiva;;;;;;;
fuente_informacion;F29;;;;;;
campo_especifico;[152];;;;;;
algoritmo_generacion;F29;;;;;;
formato_detalle;Folio;Periodo Tributario;Fecha de Presentacion;Codigo [152];;;
campos_salida;Rut1, Valor;;;;;;
manejo_errores;;;;;;;
req_obligatorio;;;;;;;
activo;;;;;;;
algoritmo_generacion;;;;;;;
nombre_requerimiento;;;;;;;
requerimiento_funcional;;;;;;;
nombre_requerimiento;VECTOR VX010012;req_obligatorio;1;;;;
activo;1;;;;;;
vigencia_exclusiva;;;;;;;
fuente_informacion;F50;;;;;;
campo_especifico;[159];;;;;;
algoritmo_generacion;F50;;;;;;
formato_detalle;Folio;Periodo Tributario;Fecha de Presentacion;Codigo [159];;;
campos_salida;Rut1, Valor;;;;;;
manejo_errores;;;;;;;
req_obligatorio;;;;;;;
activo;;;;;;;
algoritmo_generacion;;;;;;;
nombre_requerimiento;;;;;;;
requerimiento_funcional;;;;;;;
nombre_requerimiento;VECTOR VX010014;req_obligatorio;1;;;;
activo;1;;;;;;
vigencia_exclusiva;;;;;;;
fuente_informacion;F29;;;;;;
campo_especifico;[153];;;;;;
algoritmo_generacion;F29;;;;;;
formato_detalle;Folio;Periodo Tributario;Fecha de Presentacion;Codigo [153];;;
campos_salida;Rut1, Valor;;;;;;
manejo_errores;;;;;;;
req_obligatorio;;;;;;;
algoritmo_generacion;;;;;;;
requerimiento_funcional;;;;;;;
nombre_requerimiento;VECTOR VX010016;req_obligatorio;1;;;;
activo;1;;;;;;
vigencia_exclusiva;;;;;;;
fuente_informacion;F29;;;;;;
campo_especifico;[50];[56];;;;;
algoritmo_generacion;F29;;;;;;
formato_detalle;ormato Detalle;Folio;Periodo;;;;
campos_salida;Rut1, Valor;;;;;;
manejo_errores;;;;;;;
nombre_requerimiento;;;;;;;
req_obligatorio;;;;;;;
algoritmo_generacion;;;;;;;
formato_detalle;ormato Detalle;;;;;;
requerimiento_funcional;;;;;;;
nombre_requerimiento;VECTOR VX010017;req_obligatorio;1;;;;
activo;1;;;;;;
vigencia_exclusiva;;;;;;;
fuente_informacion;F29;;;;;;
campo_especifico;[70];;;;;;
algoritmo_generacion;F29;;;;;;
formato_detalle;Folio;Periodo Tributario;Fecha de Presentacion;Codigo [70];;;
campos_salida;Rut1, Valor;;;;;;
manejo_errores;;;;;;;
nombre_requerimiento;;;;;;;
req_obligatorio;;;;;;;
activo;;;;;;;
algoritmo_generacion;;;;;;;
requerimiento_funcional;;;;;;;
nombre;VECTOR VX010018;req_obligatorio;1;;;;
activo;;;;;;;
vigencia_exclusiva;1.0;;;;;;
fuente_informacion;F1887;;;;;;
campo_especifico;Columna {Total Montos Anuales sin Actualizar / Impuesto unico Retenido por;;;;;;
algoritmo_generacion;F1887;;;;;;
formato_detalle;Registros DDJJ;;;;;;
campos_salida;Rut1, Valor;;;;;;
manejo_errores;;;;;;;
req_obligatorio;;;;;;;
campo_especifico;;;;;;;
algoritmo_generacion;;;;;;;
req_obligatorio;;;;;;;
campo_especifico;;;;;;;
algoritmo_generacion;;;;;;;
requerimiento_funcional;;;;;;;
nombre;VECTOR VX010019;req_obligatorio;1;;;;
activo;1;;;;;;
vigencia_exclusiva;;;;;;;
fuente_informacion;F1812;F1887;;;;;
campo_especifico;Columna {Montos Anuales Actualizados / Mayor Retencion Solicitada (Art. 88;;;;;;
algoritmo_generacion;F1812-F1887;;;;;;
formato_detalle;Registro DDJJ;;;;;;
campos_salida;Rut1, Valor;;;;;;
manejo_errores;;;;;;;
requerimiento_funcional;;;;;;;
nombre_requerimiento;VECTOR VX010020;req_obligatorio;1;;;;
activo;1;;;;;;
vigencia_exclusiva;1;;;;;;
fuente_informacion;F29bis;;;;;;
campo_especifico;[62];[66];[70];[152];[122];[123];[703]
algoritmo_generacion;F29;;;;;;
nombre_requerimiento;;;;;;;
req_obligatorio;;;;;;;
algoritmo_generacion;;;;;;;
campos_salida;Rut1, Valor;;;;;;
manejo_errores;Si el vector no se genera, dar aviso a D.D.O.;;;;;;
formato_detalle;ormato Detalle;;;;;;
requerimiento_funcional;;;;;;;
nombre;VECTOR VX010021;req_obligatorio;1;;;;
activo;1;;;;;;
vigencia_exclusiva;1;;;;;;
fuente_informacion;Vector;;;;;;
campo_especifico;Vx011199 y Vx011200;;;;;;
algoritmo_generacion;Si Vx011199 Ã¯â€šÂ£ Vx011200 .y. Vx011200> 0 , entonces:;;;;;;
formato_detalle;Registro DDJJ;;;;;;
campos_salida;Rut1, Valor;;;;;;
manejo_errores;Si el vector no se genera, dar aviso a D.D.O.;;;;;;
req_obligatorio;;;;;;;
algoritmo_generacion;;;;;;;
requerimiento_funcional;;;;;;;
nombre;VECTOR VX010022;req_obligatorio;1;;;;
activo;1;;;;;;
vigencia_exclusiva;;;;;;;
fuente_informacion;F29;;;;;;
campo_especifico;[73];;;;;;
algoritmo_generacion;Vx010022 = {[73]Ã¯ÂÂ¢};;;;;;
formato_detalle;Folio;Periodo Tributario;Fecha de Presentacion;Codigo [73];;;
campos_salida;Rut1, Valor;;;;;;
manejo_errores;;;;;;;
req_obligatorio;;;;;;;
algoritmo_generacion;;;;;;;
requerimiento_funcional;;;;;;;
nombre;VECTOR VX010024;req_obligatorio;1;;;;
activo;1;;;;;;
vigencia_exclusiva;;;;;;;
fuente_informacion;CVC;;;;;;
campo_especifico;Anotaciones Vigentes;;;;;;
algoritmo_generacion;Si existe {Anotaciones Vigentes = 4301 .o. 4302} para AT-1 vigentes al 31.12.AT-;;;;;;
formato_detalle;Anotacion Vigente;Fecha Anotacion;;;;;
campos_salida;Rut1, Valor;;;;;;
manejo_errores;;;;;;;
req_obligatorio;;;;;;;
algoritmo_generacion;;;;;;;
nombre_requerimiento;;;;;;;
req_obligatorio;;;;;;;
campo_especifico;;;;;;;
algoritmo_generacion;;;;;;;
requerimiento_funcional;;;;;;;
nombre_requerimiento;VECTOR VX010025;req_obligatorio;1;;;;
activo;1;;;;;;
vigencia_exclusiva;1;;;;;;
fuente_informacion;F1832;;;;;;
campo_especifico;Columna {Monto Anual Actualizado de;;;;;;
algoritmo_generacion;Si {Norma Legal Bajo la Cual se Efectua la Donacion = 4}, entonces:;;;;;;
formato_detalle;Registro DDJJ;;;;;;
campos_salida;Rut1, Valor;;;;;;
manejo_errores;Si el vector no se genera, dar aviso a D.D.O.;;;;;;
algoritmo_generacion;;;;;;;
requerimiento_funcional;;;;;;;
nombre;VECTOR VX010026;req_obligatorio;1;;;;
activo;1;;;;;;
vigencia_exclusiva;1;;;;;;
fuente_informacion;Nomina Donaciones a Universidades e Inst. Profesionales, Ley No 18.681, de 1987;;;;;;
campo_especifico;Columna {Monto de la Donacion};;;;;;
algoritmo_generacion;Nomina;;;;;;
formato_detalle;Registro Nomina;;;;;;
campos_salida;Rut1, Valor;;;;;;
manejo_errores;Si el vector no se genera, dar aviso a D.D.O.;;;;;;
req_obligatorio;;;;;;;
fuente_informacion;;;;;;;
nombre_requerimiento;;;;;;;
req_obligatorio;;;;;;;
requerimiento_funcional;;;;;;;
nombre_requerimiento;VECTOR VX010027;req_obligatorio;1;;;;
activo;1;;;;;;
vigencia_exclusiva;1;;;;;;
fuente_informacion;F1832;;;;;;
campo_especifico;Columna {Monto Anual Actualizado de;;;;;;
algoritmo_generacion;Si {Norma Legal Bajo la Cual se Efectua la Donacion = 5}, entonces:;;;;;;
formato_detalle;Registro DDJJ;;;;;;
campos_salida;Rut1, Valor;;;;;;
manejo_errores;Si el vector no se genera, dar aviso a D.D.O.;;;;;;
campo_especifico;;;;;;;
algoritmo_generacion;;;;;;;
requerimiento_funcional;;;;;;;
nombre;VECTOR VX010029;req_obligatorio;1;;;;
activo;1;;;;;;
vigencia_exclusiva;;;;;;;
fuente_informacion;CVC;;;;;;
campo_especifico;Tabla Zona Extrema;Categoria de Contribuyente;;;;;
algoritmo_generacion;Si RUT es {Contribuyente con Categoria = 2, al 25.01.AT } .e. {Inicio de Actividad;;;;;;
formato_detalle;Region donde registra Inicio de Actividades;% Beneficio;;;;;
campos_salida;Rut1, Valor;;;;;;
manejo_errores;;;;;;;
req_obligatorio;;;;;;;
algoritmo_generacion;;;;;;;
requerimiento_funcional;;;;;;;
nombre;VECTOR VX010031;req_obligatorio;1;;;;
activo;1;;;;;;
vigencia_exclusiva;;;;;;;
fuente_informacion;F22;;;;;;
campo_especifico;[706];;;;;;
algoritmo_generacion;Vx010031 = { [706]F22_AT2001 };;;;;;
formato_detalle;Folio;Fecha de Presentacion;Codigo [706];;;;
campos_salida;Rut1, Valor;;;;;;
manejo_errores;;;;;;;
req_obligatorio;;;;;;;
requerimiento_funcional;;;;;;;
nombre;VECTOR VX010032;req_obligatorio;1;;;;
activo;1;;;;;;
vigencia_exclusiva;;;;;;;
fuente_informacion;F29;;;;;;
campo_especifico;[130];;;;;;
algoritmo_generacion;Vx010032 = { [130][Ã¯ÂÂ¢]};;;;;;
formato_detalle;Folio;Periodo Tributario;Fecha de Presentacion;Codigo [130];;;
campos_salida;Rut1, Valor;;;;;;
manejo_errores;;;;;;;
req_obligatorio;;;;;;;
algoritmo_generacion;;;;;;;
algoritmo_generacion;;;;;;;
requerimiento_funcional;;;;;;;
nombre;VECTOR VX010033;req_obligatorio;1;;;;
activo;1;;;;;;
vigencia_exclusiva;1;;;;;;
fuente_informacion;Nomina Superficie de Explotacion Forestal Acogidos al D.L. No 701, de 1974;;;;;;
campo_especifico;Columna {RUT Propietario del Predio};;;;;;
algoritmo_generacion;Si {RUT viene informado en la nomina FORESTAL.DAT}, entonces:;;;;;;
formato_detalle;-;;;;;;
campos_salida;Rut1, Valor;;;;;;
manejo_errores;Si el vector no se genera, dar aviso a D.D.O.;;;;;;
req_obligatorio;;;;;;;
fuente_informacion;;;;;;;
requerimiento_funcional;;;;;;;
nombre_requerimiento;VECTOR VX010034;req_obligatorio;1;;;;
activo;1;;;;;;
vigencia_exclusiva;1;;;;;;
fuente_informacion;F1870;;;;;;
campo_especifico;Columna {Tipo de;;;;;;
algoritmo_generacion;Vx010034 = POS{A - B};;;;;;
formato_detalle;Registro DDJJ;;;;;;
campos_salida;Rut1, Valor;;;;;;
manejo_errores;Si el vector no se genera, dar aviso a D.D.O.;;;;;;
nombre_requerimiento;;;;;;;
req_obligatorio;;;;;;;
campo_especifico;;;;;;;
algoritmo_generacion;;;;;;;
requerimiento_funcional;;;;;;;
nombre;VECTOR VX010035;req_obligatorio;1;;;;
activo;1;;;;;;
vigencia_exclusiva;;;;;;;
fuente_informacion;CVC;Vector Renta;;;;;
campo_especifico;Participacion en Sociedades;;;;;;
algoritmo_generacion;Si RUTSocio < 50.000.000 .y. {Vx012600 + Vx012601 + Vx013047}Sociedad > 0,;;;;;;
formato_detalle;RUT Sociedades;;;;;;
campos_salida;Rut1, Valor;;;;;;
manejo_errores;;;;;;;
req_obligatorio;;;;;;;
algoritmo_generacion;;;;;;;
req_obligatorio;;;;;;;
requerimiento_funcional;;;;;;;
nombre;VECTOR VX010036;req_obligatorio;1;;;;
activo;1;;;;;;
vigencia_exclusiva;;;;;;;
fuente_informacion;F22;;;;;;
campo_especifico;[362];;;;;;
algoritmo_generacion;Vx010036 = {[362]F22_AT1998};;;;;;
formato_detalle;Folio;Fecha de Presentacion;Codigo [362];;;;
campos_salida;Rut1, Valor;;;;;;
manejo_errores;;;;;;;
req_obligatorio;;;;;;;
requerimiento_funcional;;;;;;;
nombre;VECTOR VX010037;req_obligatorio;1;;;;
activo;1;;;;;;
vigencia_exclusiva;;;;;;;
fuente_informacion;F22;;;;;;
campo_especifico;[20];;;;;;
algoritmo_generacion;Vx010037 = { [20]F22_AT-1*P14 };;;;;;
formato_detalle;Folio;Fecha de Presentacion;Codigo [151];;;;
campos_salida;Rut1, Valor;;;;;;
manejo_errores;;;;;;;
requerimiento_funcional;;;;;;;
nombre;VECTOR VX010038;req_obligatorio;1;;;;
activo;1;;;;;;
vigencia_exclusiva;;;;;;;
fuente_informacion;F22;;;;;;
campo_especifico;[189];;;;;;
algoritmo_generacion;Vx010038 = { [189]F22_AT-1 *P14};;;;;;
formato_detalle;Folio;Fecha de Presentacion;Codigo [189];;;;
campos_salida;Rut1, Valor;;;;;;
manejo_errores;;;;;;;
req_obligatorio;;;;;;;
campo_especifico;;;;;;;
requerimiento_funcional;;;;;;;
nombre_requerimiento;VECTOR VX010042;req_obligatorio;1;;;;
activo;1;;;;;;
vigencia_exclusiva;1;;;;;;
fuente_informacion;CVC;Nomina SDF;;;;;
campo_especifico;RUT,IniciodeActividades,CategoriadeActividadEconomicaVigentey;;;;;;
algoritmo_generacion;{Si {RUT < 48.000.000} .y. {Posee actividad economica vigente al 25.01.AT} .y.;;;;;;
formato_detalle;-;;;;;;
campos_salida;Rut1, Valor;;;;;;
manejo_errores;Si el vector no se genera, dar aviso a D.D.O.;;;;;;
nombre_requerimiento;;;;;;;
req_obligatorio;;;;;;;
algoritmo_generacion;;;;;;;
requerimiento_funcional;;;;;;;
nombre;VECTOR VX010044;req_obligatorio;1;;;;
activo;1;;;;;;
vigencia_exclusiva;;;;;;;
fuente_informacion;F18XX;;;;;;
campo_especifico;-;;;;;;
algoritmo_generacion;Si RUT declarante posee F18xx observado, entonces:;;;;;;
formato_detalle;-;;;;;;
campos_salida;Rut1, Valor,;;;;;;
manejo_errores;;;;;;;
req_obligatorio;;;;;;;
algoritmo_generacion;;;;;;;
req_obligatorio;;;;;;;
campo_especifico;;;;;;;
algoritmo_generacion;;;;;;;
requerimiento_funcional;;;;;;;
nombre;VECTOR VX010046;req_obligatorio;1;;;;
activo;1;;;;;;
vigencia_exclusiva;;;;;;;
fuente_informacion;F1812;F1887;;;;;
campo_especifico;Columna{MontosAnualesActualizados/;;;;;;
algoritmo_generacion;Si para un mismo {Periodo al cual corresponden las rentas}  vienen informado en;;;;;;
formato_detalle;Registros DDJJ;;;;;;
campos_salida;Rut1, Valor,;;;;;;
manejo_errores;;;;;;;
requerimiento_funcional;;;;;;;
nombre;VECTOR VX010048;req_obligatorio;1;;;;
activo;1;;;;;;
vigencia_exclusiva;;;;;;;
fuente_informacion;F1812;F1887;;;;;
campo_especifico;Columna {Montos Anuales Actualizados / Impuesto unico Retenido};;;;;;
algoritmo_generacion;F1887Ã¯Æ’Â¦ Im puestoÃƒÅ¡nico Re tenidoÃ¯Æ’Â¶;;;;;;
formato_detalle;Registros DDJJ;;;;;;
campos_salida;Rut1, Valor;;;;;;
manejo_errores;;;;;;;
req_obligatorio;;;;;;;
algoritmo_generacion;;;;;;;
requerimiento_funcional;;;;;;;
nombre;VECTOR VX010053;req_obligatorio;1;;;;
activo;1;;;;;;
vigencia_exclusiva;;;;;;;
fuente_informacion;F1812;F1887;;;;;
campo_especifico;Columna {Montos Anuales Actualizados / Renta Total Neta Pagada (Art. 42, NÃ‚Â° 1,;;;;;;
algoritmo_generacion;F1812 -F1887;;;;;;
formato_detalle;Registros DDJJ;;;;;;
campos_salida;Rut1, Valor;;;;;;
manejo_errores;;;;;;;
req_obligatorio;;;;;;;
campo_especifico;;;;;;;
algoritmo_generacion;;;;;;;
requerimiento_funcional;;;;;;;
nombre;VECTOR VX010054;req_obligatorio;1;;;;
activo;1;;;;;;
vigencia_exclusiva;1;;;;;;
fuente_informacion;Nomina Inversiones en el Extranjero (EXTERIOR.DAT);;;;;;
campo_especifico;Columna {Monto Inversion Actualizado ($)};;;;;;
algoritmo_generacion;Nomina;;;;;;
formato_detalle;Registro Nomina;;;;;;
campos_salida;Rut1, Valor;;;;;;
manejo_errores;Si el vector no se genera, dar aviso a D.D.O.;;;;;;
req_obligatorio;;;;;;;
algoritmo_generacion;;;;;;;
req_obligatorio;;;;;;;
campo_especifico;;;;;;;
requerimiento_funcional;;;;;;;
nombre;VECTOR VX010055;req_obligatorio;1;;;;
activo;1;;;;;;
vigencia_exclusiva;;;;;;;
fuente_informacion;F1889;;;;;;
campo_especifico;Columna {Retiros Efectuados de las;;;;;;
algoritmo_generacion;Si{RetirosEfectuadosdelasCuentasdeAhorroVoluntarioydeAhorro;;;;;;
formato_detalle;Registros DDJJ;;;;;;
campos_salida;Rut1, Valor,;;;;;;
manejo_errores;;;;;;;
algoritmo_generacion;;;;;;;
requerimiento_funcional;;;;;;;
nombre;VECTOR VX010056;req_obligatorio;1;;;;
activo;1;;;;;;
vigencia_exclusiva;;;;;;;
fuente_informacion;F1891;;;;;;
campo_especifico;Columna{Tipode;;;;;;
algoritmo_generacion;"Si {Tipo de Transaccion = 02} .y. {Tipo de Documento = Ã¯Æ’Â­[""F"" .o. Ã¢â‚¬Å“33Ã¢â‚¬Â] .u. [Ã¢â‚¬Å“OÃ¢â‚¬Â .o.";;;;;;
formato_detalle;Registros DDJJ;;;;;;
campos_salida;Rut1, Valor,;;;;;;
manejo_errores;;;;;;;
req_obligatorio;;;;;;;
campo_especifico;;;;;;;
algoritmo_generacion;;;;;;;
req_obligatorio;;;;;;;
campo_especifico;;;;;;;
requerimiento_funcional;;;;;;;
nombre;VECTOR VX010057;req_obligatorio;1;;;;
activo;1;;;;;;
vigencia_exclusiva;;;;;;;
fuente_informacion;F1891;;;;;;
campo_especifico;Columna{Tipode;;;;;;
algoritmo_generacion;"Si {Tipo de Transaccion = 02} .y. {Tipo de Documento = Ã¯Æ’Â­[""F"" .o. Ã¢â‚¬Å“33Ã¢â‚¬Â] .u. [Ã¢â‚¬Å“OÃ¢â‚¬Â .o.";;;;;;
formato_detalle;Registros DDJJ;;;;;;
campos_salida;Rut1, Valor,;;;;;;
manejo_errores;;;;;;;
algoritmo_generacion;;;;;;;
requerimiento_funcional;;;;;;;
nombre;VECTOR VX010059;req_obligatorio;1;;;;
activo;1;;;;;;
vigencia_exclusiva;;;;;;;
fuente_informacion;F1890;;;;;;
campo_especifico;Columna{InversionistasNacionales/InteresesRealesuOtrasRentaspor;;;;;;
algoritmo_generacion;F1890;;;;;;
formato_detalle;Registros DDJJ;;;;;;
campos_salida;Rut1, Valor,;;;;;;
manejo_errores;;;;;;;
req_obligatorio;;;;;;;
campo_especifico;;;;;;;
algoritmo_generacion;;;;;;;
req_obligatorio;;;;;;;
campo_especifico;;;;;;;
requerimiento_funcional;;;;;;;
nombre;VECTOR VX010062;req_obligatorio;1;;;;
activo;1;;;;;;
vigencia_exclusiva;;;;;;;
fuente_informacion;F1894;;;;;;
campo_especifico;Columna Mayor o Menor;;;;;;
algoritmo_generacion;Si registro NO esta observado .y. Tipo de Operacion es igual a (4 .o. 5.), entonces:;;;;;;
formato_detalle;Registros DDJJ;;;;;;
campos_salida;Rut1, Valor,;;;;;;
manejo_errores;;;;;;;
algoritmo_generacion;;;;;;;
requerimiento_funcional;;;;;;;
nombre;VECTOR VX010063;req_obligatorio;1;;;;
activo;1;;;;;;
vigencia_exclusiva;;;;;;;
fuente_informacion;F1891;;;;;;
campo_especifico;Columna{Tipode;;;;;;
algoritmo_generacion;"Si {Tipo de Transaccion = Ã¢â‚¬Å“01Ã¢â‚¬Â} .y. {Tipo de Documento = Ã¯Æ’Â­[""F"" .o. Ã¢â‚¬Å“33Ã¢â‚¬Â] .o. [Ã¢â‚¬Å“DÃ¢â‚¬Â .o.";;;;;;
formato_detalle;Registros DDJJ;;;;;;
campos_salida;Rut1, Valor,;;;;;;
manejo_errores;;;;;;;
req_obligatorio;;;;;;;
campo_especifico;;;;;;;
algoritmo_generacion;;;;;;;
campo_especifico;;;;;;;
algoritmo_generacion;;;;;;;
requerimiento_funcional;;;;;;;
nombre;VECTOR VX010064;req_obligatorio;1;;;;
activo;1;;;;;;
vigencia_exclusiva;;;;;;;
fuente_informacion;F1891;;;;;;
campo_especifico;Columna{Tipode;;;;;;
algoritmo_generacion;"Si {Tipo de Transaccion = Ã¢â‚¬Å“01Ã¢â‚¬Â .o. Ã¢â‚¬Å“08Ã¢â‚¬Â} .y. {Tipo de Documento = Ã¯Æ’Â­[""F"" .o. Ã¢â‚¬Å“33Ã¢â‚¬Â] .o.";;;;;;
formato_detalle;Registros DDJJ;;;;;;
campos_salida;Rut1, Valor,;;;;;;
manejo_errores;;;;;;;
req_obligatorio;;;;;;;
algoritmo_generacion;;;;;;;
requerimiento_funcional;;;;;;;
nombre;VECTOR VX010065;req_obligatorio;1;;;;
activo;1;;;;;;
vigencia_exclusiva;;;;;;;
fuente_informacion;F22;;;;;;
campo_especifico;[87];;;;;;
algoritmo_generacion;Si folio vigente de F22 del AT-1 .y. AT-2, NO se encuentra observado al momento;;;;;;
formato_detalle;-;;;;;;
campos_salida;Rut1, Valor;;;;;;
manejo_errores;;;;;;;
req_obligatorio;;;;;;;
req_obligatorio;;;;;;;
fuente_informacion;;;;;;;
algoritmo_generacion;;;;;;;
requerimiento_funcional;;;;;;;
nombre;VECTOR VX010067;req_obligatorio;1;;;;
activo;1;;;;;;
vigencia_exclusiva;;;;;;;
fuente_informacion;NominaCotizacionesMensuales,Art.20D.L.No3.500,de1980;;;;;;
campo_especifico;Cotizaciones Pagadas;;;;;;
algoritmo_generacion;Si {Tipo Cotizante = I}COTIZAC_ISAPRE.DAT;;;;;;
formato_detalle;Rut Isapre;Monto Cotizacion;;;;;
campos_salida;Rut1, Valor,;;;;;;
manejo_errores;;;;;;;
requerimiento_funcional;;;;;;;
nombre;VECTOR VX010068;req_obligatorio;1;;;;
activo;1;;;;;;
vigencia_exclusiva;;;;;;;
fuente_informacion;CVC;;;;;;
campo_especifico;Termino de Giro;;;;;;
algoritmo_generacion;Si realizo termino de giro durante el AT-1, {Anotacion Vigente = 57 .o. 5001 .o. 50;;;;;;
formato_detalle;-;;;;;;
campos_salida;Rut1, Valor,;;;;;;
manejo_errores;;;;;;;
req_obligatorio;;;;;;;
algoritmo_generacion;;;;;;;
algoritmo_generacion;;;;;;;
requerimiento_funcional;;;;;;;
nombre;VECTOR VX010069;req_obligatorio;1;;;;
activo;1;;;;;;
vigencia_exclusiva;;;;;;;
fuente_informacion;CVC;;;;;;
campo_especifico;Inicio de Actividades;;;;;;
algoritmo_generacion;SI realizo Inicio actividades durante el AT-1, entonces:;;;;;;
formato_detalle;-;;;;;;
campos_salida;Rut1, Valor;;;;;;
manejo_errores;;;;;;;
req_obligatorio;;;;;;;
requerimiento_funcional;;;;;;;
nombre;VECTOR VX010074;req_obligatorio;1;;;;
activo;1;;;;;;
vigencia_exclusiva;;;;;;;
fuente_informacion;F22;;;;;;
campo_especifico;[238];;;;;;
algoritmo_generacion;F22;;;;;;
formato_detalle;ormato Detalle;Folio;Fechade;;;;
campos_salida;Rut1, Valor;;;;;;
manejo_errores;;;;;;;
req_obligatorio;;;;;;;
algoritmo_generacion;;;;;;;
formato_detalle;ormato Detalle;;;;;;
requerimiento_funcional;;;;;;;
nombre;VECTOR VX010077;req_obligatorio;1;;;;
activo;1;;;;;;
vigencia_exclusiva;1;;;;;;
fuente_informacion;F1835;;;;;;
campo_especifico;Columna{RUT;;;;;;
algoritmo_generacion;Si  Vx010599 = {111 .o. 115 .o. 116} .y. Naturaleza del Bien Raiz = Ã¢â‚¬Å“No AgricolaÃ¢â‚¬Â;;;;;;
formato_detalle;Registro DDJJ;;;;;;
campos_salida;Rut1, Valor;;;;;;
manejo_errores;Si el vector no se genera, dar aviso a D.D.O.;;;;;;
req_obligatorio;;;;;;;
campo_especifico;;;;;;;
algoritmo_generacion;;;;;;;
requerimiento_funcional;;;;;;;
nombre;VECTOR VX010081;req_obligatorio;1;;;;
activo;1;;;;;;
vigencia_exclusiva;;;;;;;
fuente_informacion;F1812;F1887;;;;;
campo_especifico;Columna { Montos Anuales Actualizados / Renta Total Neta Pagada (Art. 42, NÃ‚Â° 1,;;;;;;
algoritmo_generacion;Si registro NO esta observado, entonces:;;;;;;
formato_detalle;Registros DDJJ;;;;;;
campos_salida;Rut1, Valor,;;;;;;
manejo_errores;;;;;;;
req_obligatorio;;;;;;;
campo_especifico;;;;;;;
algoritmo_generacion;;;;;;;
requerimiento_funcional;;;;;;;
nombre;VECTOR VX010082;req_obligatorio;1;;;;
activo;1;;;;;;
vigencia_exclusiva;;;;;;;
fuente_informacion;F1887;;;;;;
campo_especifico;Columna {Total Remuneracion Imponible Para Efectos Previsionales Actualizada;;;;;;
algoritmo_generacion;F1887;;;;;;
formato_detalle;Registro DDJJ;;;;;;
campos_salida;Rut1, Valor,;;;;;;
manejo_errores;;;;;;;
req_obligatorio;;;;;;;
campo_especifico;;;;;;;
algoritmo_generacion;;;;;;;
req_obligatorio;;;;;;;
algoritmo_generacion;;;;;;;
requerimiento_funcional;;;;;;;
nombre;VECTOR VX010083;req_obligatorio;1;;;;
activo;1;;;;;;
vigencia_exclusiva;;;;;;;
fuente_informacion;F1811;;;;;;
campo_especifico;Columna {Retencion Art. 73 Ley de Impuesto a la Renta / Monto Actualizado};;;;;;
algoritmo_generacion;Si registro NO esta observado, entonces:;;;;;;
formato_detalle;Registro DDJJ;;;;;;
campos_salida;Rut1, Valor;;;;;;
manejo_errores;;;;;;;
req_obligatorio;;;;;;;
algoritmo_generacion;;;;;;;
requerimiento_funcional;;;;;;;
nombre;VECTOR VX010084;req_obligatorio;1;;;;
activo;1;;;;;;
vigencia_exclusiva;;;;;;;
fuente_informacion;F1812;F1887;;;;;
campo_especifico;Columna {Monto Anual Actualizado / Mayor Retencion Solicitada (Art. 88 LIR)};;;;;;
algoritmo_generacion;Si registro NO esta observado, entonces:;;;;;;
formato_detalle;Registro DDJJ;;;;;;
campos_salida;Rut1, Valor,;;;;;;
manejo_errores;;;;;;;
requerimiento_funcional;;;;;;;
nombre;VECTOR VX010086;req_obligatorio;1;;;;
activo;1;;;;;;
vigencia_exclusiva;1;;;;;;
fuente_informacion;F1862;;;;;;
campo_especifico;Columna { Monto en pesos $};;;;;;
algoritmo_generacion;Si  Vx010599 =111, .y. {columna Codigo concepto}< 20.000, entonces;;;;;;
formato_detalle;Registro DDJJ;;;;;;
campos_salida;Rut1, Valor;;;;;;
manejo_errores;Si el vector no se genera, dar aviso a D.D.O.;;;;;;
req_obligatorio;;;;;;;
algoritmo_generacion;;;;;;;
requerimiento_funcional;;;;;;;
nombre;VECTOR VX010087;req_obligatorio;1;;;;
activo;1;;;;;;
vigencia_exclusiva;;;;;;;
fuente_informacion;F1889;;;;;;
campo_especifico;Columna{RetirosEfectuadosdelas;;;;;;
algoritmo_generacion;Si registro NO esta observado y {Retiros Efectuados de las Cuentas de Ahorro;;;;;;
formato_detalle;Registro DDJJ;;;;;;
campos_salida;Rut1, Valor,;;;;;;
manejo_errores;;;;;;;
req_obligatorio;;;;;;;
campo_especifico;;;;;;;
algoritmo_generacion;;;;;;;
requerimiento_funcional;;;;;;;
nombre;VECTOR VX010088;req_obligatorio;1;;;;
activo;1;;;;;;
vigencia_exclusiva;;;;;;;
fuente_informacion;F1890;;;;;;
campo_especifico;Columna{InversionistasNacionales/InteresesRealesuOtrasRentaspor;;;;;;
algoritmo_generacion;Si registro NO esta observado, entonces:;;;;;;
formato_detalle;Registro DDJJ;;;;;;
campos_salida;Rut1, Valor,;;;;;;
manejo_errores;;;;;;;
req_obligatorio;;;;;;;
campo_especifico;;;;;;;
algoritmo_generacion;;;;;;;
algoritmo_generacion;;;;;;;
requerimiento_funcional;;;;;;;
nombre;VECTOR VX010089;req_obligatorio;1;;;;
activo;1;;;;;;
vigencia_exclusiva;;;;;;;
fuente_informacion;F1894;;;;;;
campo_especifico;Sumatoria por Inversionista del Menor Valor Actualizado (Fondos Mutuos).;;;;;;
algoritmo_generacion;Si registro NO esta observado, .y. Tipo de Operacion es igual a (4 .o. 5 .o .6 .o.7),;;;;;;
formato_detalle;Registro DDJJ;;;;;;
campos_salida;Rut1, Valor,;;;;;;
manejo_errores;;;;;;;
req_obligatorio;;;;;;;
campo_especifico;;;;;;;
req_obligatorio;;;;;;;
requerimiento_funcional;;;;;;;
nombre;VECTOR VX010092;req_obligatorio;1;;;;
activo;1;;;;;;
vigencia_exclusiva;;;;;;;
fuente_informacion;F22;;;;;;
campo_especifico;[174];;;;;;
algoritmo_generacion;F22;;;;;;
formato_detalle;Folio;Periodo Tributario;Fecha de Presentacion;Codigo [174];;;
campos_salida;Rut1, Valor;;;;;;
manejo_errores;;;;;;;
algoritmo_generacion;;;;;;;
requerimiento_funcional;;;;;;;
nombre;VECTOR VX010093;req_obligatorio;1;;;;
activo;1;;;;;;
vigencia_exclusiva;1;;;;;;
fuente_informacion;F22;;;;;;
campo_especifico;[361];;;;;;
algoritmo_generacion;F22;;;;;;
formato_detalle;Folio;Periodo Tributario;Fecha de Presentacion;Codigo [361];;;
campos_salida;Rut1, Valor;;;;;;
manejo_errores;Si el vector no se genera, dar aviso a D.D.O.;;;;;;
req_obligatorio;;;;;;;
algoritmo_generacion;;;;;;;
requerimiento_funcional;;;;;;;
nombre;VECTOR VX010095;req_obligatorio;1;;;;
activo;1;;;;;;
vigencia_exclusiva;1;;;;;;
fuente_informacion;Nomina Donaciones a Universidades e Inst. Profesionales, Ley No 18.681, de 1987;;;;;;
campo_especifico;Columna {Monto de la Donacion};;;;;;
algoritmo_generacion;Nomina;;;;;;
formato_detalle;Registro Nomina;;;;;;
campos_salida;Rut1, Valor;;;;;;
manejo_errores;Si el vector no se genera, dar aviso a D.D.O.;;;;;;
req_obligatorio;;;;;;;
fuente_informacion;;;;;;;
algoritmo_generacion;;;;;;;
requerimiento_funcional;;;;;;;
nombre;VECTOR VX010097;req_obligatorio;1;;;;
activo;1;;;;;;
vigencia_exclusiva;;;;;;;
fuente_informacion;F22;;;;;;
campo_especifico;[609];;;;;;
algoritmo_generacion;Vx010097 = { [609]F22_AT-1* P207};;;;;;
formato_detalle;Folio;Fecha de Presentacion;Codigo [609];;;;
campos_salida;Rut1, Valor;;;;;;
manejo_errores;;;;;;;
req_obligatorio;;;;;;;
requerimiento_funcional;;;;;;;
nombre;VECTOR VX010098;req_obligatorio;1;;;;
activo;1;;;;;;
vigencia_exclusiva;;;;;;;
fuente_informacion;F22;;;;;;
campo_especifico;[384];;;;;;
algoritmo_generacion;Vx010098 = { [384]F22_ AT-1*P207 };;;;;;
formato_detalle;Folio;Fecha de Presentacion;Codigo [384];;;;
campos_salida;Rut1, Valor;;;;;;
manejo_errores;;;;;;;
req_obligatorio;;;;;;;
requerimiento_funcional;;;;;;;
nombre;VECTOR VX010099;req_obligatorio;1;;;;
activo;1;;;;;;
vigencia_exclusiva;;;;;;;
fuente_informacion;F22;;;;;;
campo_especifico;[373];;;;;;
algoritmo_generacion;Vx010099 = { [373]F22_ AT-1*P207};;;;;;
formato_detalle;Folio;Fecha de Presentacion;Codigo [373];;;;
campos_salida;Rut1, Valor;;;;;;
manejo_errores;;;;;;;
req_obligatorio;;;;;;;
requerimiento_funcional;;;;;;;
nombre_requerimiento;VECTOR VX010100;req_obligatorio;1;;;;
activo;1;;;;;;
vigencia_exclusiva;1;;;;;;
fuente_informacion;F1870;;;;;;
campo_especifico;Columna {Tipo de;;;;;;
algoritmo_generacion;Vx010100 = POS{A - B};;;;;;
formato_detalle;Registro DDJJ;;;;;;
campos_salida;Rut1, Valor;;;;;;
manejo_errores;Si el vector no se genera, dar aviso a D.D.O.;;;;;;
nombre_requerimiento;;;;;;;
req_obligatorio;;;;;;;
campo_especifico;;;;;;;
algoritmo_generacion;;;;;;;
nombre_requerimiento;;;;;;;
req_obligatorio;;;;;;;
campo_especifico;;;;;;;
algoritmo_generacion;;;;;;;
requerimiento_funcional;;;;;;;
nombre_requerimiento;VECTOR VX010102;req_obligatorio;1;;;;
activo;1;;;;;;
vigencia_exclusiva;1;;;;;;
fuente_informacion;Avaluaciones;F1897AT, F1897AT-1 y F1897AT-2 y F1897AT-3;;;;;
campo_especifico;ROL Propiedad, %;;;;;;
algoritmo_generacion;Si {Destino de la Propiedad = A .o. B .o. F}, entonces:;;;;;;
formato_detalle;ormato Detalle;ROL;;;;;
campos_salida;Rut1, Valor,;;;;;;
manejo_errores;Si el vector no se genera, dar aviso a D.D.O.;;;;;;
formato_detalle;ormato Detalle;;;;;;
nombre_requerimiento;;;;;;;
requerimiento_funcional;;;;;;;
nombre_requerimiento;VECTOR VX010103;req_obligatorio;1;;;;
activo;1;;;;;;
vigencia_exclusiva;1;;;;;;
fuente_informacion;Avaluaciones;F1897AT, F1897AT-1 y F1897AT-2 y F1897AT-3;;;;;
campo_especifico;ROL Propiedad, %;;;;;;
algoritmo_generacion;Si {Destino de la Propiedad = A .o. B .o. F}, entonces:;;;;;;
formato_detalle;ormato Detalle;ROL Propiedad;Destino de la;;;;
campos_salida;Rut1, Valor;;;;;;
manejo_errores;Si el vector no se genera, dar aviso a D.D.O.;;;;;;
req_obligatorio;;;;;;;
campo_especifico;;;;;;;
algoritmo_generacion;;;;;;;
formato_detalle;ormato Detalle;;;;;;
req_obligatorio;;;;;;;
algoritmo_generacion;;;;;;;
requerimiento_funcional;;;;;;;
nombre;VX010106;req_obligatorio;1;;;;
activo;1;;;;;;
vigencia_exclusiva;;;;;;;
fuente_informacion;F1837;;;;;;
campo_especifico;Columna { Monto Credito o PPM Puesto a Disposicion };;;;;;
algoritmo_generacion;Si {Rut Participe Ã¯â€šÂ¹ Rut Declarante} .y. {Registro NO esta observado}, entonces,;;;;;;
formato_detalle;Registro DDJJ;;;;;;
campos_salida;Rut1, Valor,;;;;;;
manejo_errores;;;;;;;
requerimiento_funcional;;;;;;;
nombre;VECTOR VX010109;req_obligatorio;1;;;;
activo;1;;;;;;
vigencia_exclusiva;;;;;;;
fuente_informacion;F1837;;;;;;
campo_especifico;Columna { Monto Credito o PPM Puesto a Disposicion};;;;;;
algoritmo_generacion;SiRutInformado Ã¯â€šÂ¹RutDeclarante.y.RegistroNOestaobservado.y.Rut;;;;;;
formato_detalle;Registro DDJJ;;;;;;
campos_salida;Rut1, Valor,;;;;;;
manejo_errores;;;;;;;
req_obligatorio;;;;;;;
algoritmo_generacion;;;;;;;
req_obligatorio;;;;;;;
campo_especifico;;;;;;;
algoritmo_generacion;;;;;;;
requerimiento_funcional;;;;;;;
nombre;VECTOR VX010112;req_obligatorio;1;;;;
activo;1;;;;;;
vigencia_exclusiva;;;;;;;
fuente_informacion;F22;CVC;;;;;
campo_especifico;[1039];[189];Vector Renta;PorcentajedeParticipacionen;;;
algoritmo_generacion;Si {Vx012600 + Vx012601 + Vx012602 + Vx013047}Sociedad > 0}, entonces:;;;;;;
formato_detalle;ormato Detalle;Rut Sociedades;%deParticipacionen;;;;
campos_salida;Rut1, Valor;;;;;;
manejo_errores;;;;;;;
formato_detalle;ormato Detalle;;;;;;
req_obligatorio;;;;;;;
algoritmo_generacion;;;;;;;
requerimiento_funcional;;;;;;;
nombre;VX010113;req_obligatorio;1;;;;
activo;1;;;;;;
vigencia_exclusiva;;;;;;;
fuente_informacion;F29;;;;;;
campo_especifico;[48];;;;;;
algoritmo_generacion;F29;;;;;;
formato_detalle;Folio;Periodo Tributario;Fecha de Presentacion;Codigo [48];;;
campos_salida;Rut1, Valor;;;;;;
manejo_errores;;;;;;;
requerimiento_funcional;;;;;;;
nombre;VX010114;req_obligatorio;1;;;;
activo;1;;;;;;
vigencia_exclusiva;;;;;;;
fuente_informacion;F1811;;;;;;
campo_especifico;Columna{RetencionArt.73Leyde;;;;;;
algoritmo_generacion;F1811;;;;;;
formato_detalle;Registro DDJJ;;;;;;
campos_salida;Rut1, Valor;;;;;;
manejo_errores;;;;;;;
req_obligatorio;;;;;;;
campo_especifico;;;;;;;
algoritmo_generacion;;;;;;;
algoritmo_generacion;;;;;;;
requerimiento_funcional;;;;;;;
nombre;VX010115;req_obligatorio;1;;;;
activo;1;;;;;;
vigencia_exclusiva;;;;;;;
fuente_informacion;F1812;F1887;;;;;
campo_especifico;Columna {Montos Anuales Actualizados Impuesto ÃƒÅ¡nico Retenido};;;;;;
algoritmo_generacion;F1812  - F1887;;;;;;
formato_detalle;Registro DDJJ;;;;;;
campos_salida;Rut1, Valor,;;;;;;
manejo_errores;;;;;;;
req_obligatorio;;;;;;;
requerimiento_funcional;;;;;;;
nombre;VX010116;req_obligatorio;1;;;;
activo;1;;;;;;
vigencia_exclusiva;;;;;;;
fuente_informacion;F1887;;;;;;
campo_especifico;Columna { Monto Anuales sin actualizar / Impuesto ÃƒÅ¡nico Retenido / Por Rentas;;;;;;
algoritmo_generacion;F1887;;;;;;
formato_detalle;Registro DDJJ;;;;;;
campos_salida;Rut1, Valor,;;;;;;
manejo_errores;;;;;;;
req_obligatorio;;;;;;;
campo_especifico;;;;;;;
algoritmo_generacion;;;;;;;
req_obligatorio;;;;;;;
fuente_informacion;;;;;;;
campo_especifico;;;;;;;
requerimiento_funcional;;;;;;;
nombre;VECTOR VX010117;req_obligatorio;1;;;;
activo;1;;;;;;
vigencia_exclusiva;1;;;;;;
fuente_informacion;NominaCotizacionesMensuales,Art.18D.L.No3.500,de1980;;;;;;
campo_especifico;Columna 1: RUT de AFP;Columna 17: Tipo de;;;;;
algoritmo_generacion;Si {Columna 17 = I}, entonces:;;;;;;
formato_detalle;RUT de AFP;Cotizacion Pagada en el AÃƒÂ±o AT-1;;;;;
campos_salida;Rut1, Valor,;;;;;;
manejo_errores;Si el vector no se genera, dar aviso a D.D.O.;;;;;;
algoritmo_generacion;;;;;;;
algoritmo_generacion;;;;;;;
requerimiento_funcional;;;;;;;
nombre;VX010118;req_obligatorio;1;;;;
activo;1;;;;;;
vigencia_exclusiva;;;;;;;
fuente_informacion;F1894;;;;;;
campo_especifico;Columna { Mayor o Menor Valor Actualizado / Mayor Valor  };;;;;;
algoritmo_generacion;Si Tipo de Operacion es igual a (4 .o. 5 .o. 6 .o. 7), entonces:;;;;;;
formato_detalle;Registros DDJJ;;;;;;
campos_salida;Rut1, Valor,;;;;;;
manejo_errores;;;;;;;
req_obligatorio;;;;;;;
requerimiento_funcional;;;;;;;
nombre;VX010120;req_obligatorio;1;;;;
activo;1;;;;;;
vigencia_exclusiva;;;;;;;
fuente_informacion;F22;CVC;;;;;
campo_especifico;[189];;;;;;
algoritmo_generacion;Si {RUTSocio < 50.000.000} .y. {Vx012602Sociedad > 0} }, entonces:;;;;;;
formato_detalle;Rut Sociedad;% de Participacion en Utilidades;[189] Sociedad;;;;
campos_salida;Rut1, Valor;;;;;;
manejo_errores;;;;;;;
req_obligatorio;;;;;;;
campo_especifico;;;;;;;
algoritmo_generacion;;;;;;;
requerimiento_funcional;;;;;;;
nombre;VX010121;req_obligatorio;1;;;;
activo;1;;;;;;
vigencia_exclusiva;;;;;;;
fuente_informacion;F22;;;;;;
campo_especifico;[365];[368];[382];[761];[392];;
algoritmo_generacion;Vx010121 = { ( [365]F22_ AT-1+ [368]F22_ AT-1+[382]F22_ AT-1+[761]F22_ AT-1 +[392]F22_ AT-;;;;;;
formato_detalle;ormato Detalle;Folio;Fechade;;;;
campos_salida;Rut1, Valor;;;;;;
manejo_errores;;;;;;;
req_obligatorio;;;;;;;
algoritmo_generacion;;;;;;;
formato_detalle;ormato Detalle;;;;;;
requerimiento_funcional;;;;;;;
nombre;VX010122;req_obligatorio;1;;;;
activo;1;;;;;;
vigencia_exclusiva;;;;;;;
fuente_informacion;F22;;;;;;
campo_especifico;[18];;;;;;
algoritmo_generacion;Vx010122 = { [18]F22_ AT-1*P207};;;;;;
formato_detalle;Folio;Fecha de Presentacion;Codigo [18];;;;
campos_salida;Rut1, Valor;;;;;;
manejo_errores;;;;;;;
req_obligatorio;;;;;;;
requerimiento_funcional;;;;;;;
nombre;VECTOR VX010123;req_obligatorio;1;;;;
activo;1;;;;;;
vigencia_exclusiva;1;;;;;;
fuente_informacion;F22Sociedad;CVC;Vector RentaSociedad;;;;
campo_especifico;[1037];Porcentaje de;;;;;
algoritmo_generacion;Si {RUTSocio < 50.000.000} .y. {Vx012600 + Vx012601 + Vx013047}Sociedad > 0,;;;;;;
formato_detalle;Rut Sociedad;% de Participacion en Utilidades;[18]Sociedad;;;;
campos_salida;Rut1, Valor;;;;;;
manejo_errores;Si el vector no se genera, dar aviso a D.D.O.;;;;;;
req_obligatorio;;;;;;;
campo_especifico;;;;;;;
algoritmo_generacion;;;;;;;
req_obligatorio;;;;;;;
algoritmo_generacion;;;;;;;
requerimiento_funcional;;;;;;;
nombre;VX010124;req_obligatorio;1;;;;
activo;1;;;;;;
vigencia_exclusiva;;;;;;;
fuente_informacion;F50;;;;;;
campo_especifico;[125];;;;;;
algoritmo_generacion;F50;;;;;;
formato_detalle;Folio;Periodo Tributario;Fecha de Presentacion;Codigo [125];;;
campos_salida;Rut1, Valor;;;;;;
manejo_errores;;;;;;;
requerimiento_funcional;;;;;;;
nombre;VX010127;req_obligatorio;1;;;;
activo;1;;;;;;
vigencia_exclusiva;;;;;;;
fuente_informacion;F1889;;;;;;
campo_especifico;Columna {Retiros Efectuados de las Cuentas de Ahorro Voluntario y de Ahorro;;;;;;
algoritmo_generacion;F1889;;;;;;
formato_detalle;Registro DDJJ;;;;;;
campos_salida;Rut1, Valor,;;;;;;
manejo_errores;;;;;;;
req_obligatorio;;;;;;;
campo_especifico;;;;;;;
algoritmo_generacion;;;;;;;
req_obligatorio;;;;;;;
campo_especifico;;;;;;;
requerimiento_funcional;;;;;;;
nombre;VX010128;req_obligatorio;1;;;;
activo;1;;;;;;
vigencia_exclusiva;;;;;;;
fuente_informacion;F22;CVC;;;;;
campo_especifico;[618]Sociedad;Categoriade;;;;;
algoritmo_generacion;Si RUTSocio < 50.000.000 .y. {RUTSociedad NO posee Anotacion Vigente = 72 al;;;;;;
formato_detalle;RUT Sociedad;% de Participacion en Utilidades;[618 ] Sociedad;;;;
campos_salida;Rut1, Valor,;;;;;;
manejo_errores;;;;;;;
algoritmo_generacion;;;;;;;
requerimiento_funcional;;;;;;;
nombre;VX010129;req_obligatorio;1;;;;
activo;1;;;;;;
vigencia_exclusiva;;;;;;;
fuente_informacion;F1811;;;;;;
campo_especifico;Columna { Retencion Art. 74 NÃ‚Â° 6 Ley de Impuesto a la Renta /  Monto Actualizado;;;;;;
algoritmo_generacion;Si registro NO esta observado, entonces:;;;;;;
formato_detalle;Registros DDJJ;;;;;;
campos_salida;Rut1, Valor;;;;;;
req_obligatorio;;;;;;;
campo_especifico;;;;;;;
algoritmo_generacion;;;;;;;
requerimiento_funcional;;;;;;;
nombre;VX010130;req_obligatorio;1;;;;
activo;1;;;;;;
vigencia_exclusiva;;;;;;;
fuente_informacion;Nomina Declaracion Jurada de Adquisicion de Viviendas Nuevas DFL2;;;;;;
campo_especifico;RUT;;;;;;
algoritmo_generacion;Si existe en nomina, entonces:;;;;;;
formato_detalle;-;;;;;;
campos_salida;Rut1, Valor;;;;;;
manejo_errores;;;;;;;
req_obligatorio;;;;;;;
algoritmo_generacion;;;;;;;
requerimiento_funcional;;;;;;;
nombre_requerimiento;VECTOR VX010132;req_obligatorio;1;;;;
activo;1;;;;;;
vigencia_exclusiva;1;;;;;;
fuente_informacion;CVC;F22Sociedad;;;;;
campo_especifico;RUTSocio y RUTSociedad;Vector Renta;;;;;
algoritmo_generacion;Si {RUTSocio < 50.000.000} .y. {Vx012602Sociedad > 0}, entonces:;;;;;;
formato_detalle;Rut Sociedades renta presunta;;;;;;
campos_salida;Rut1, Valor,;;;;;;
manejo_errores;Si el vector no se genera, dar aviso a D.D.O.;;;;;;
nombre_requerimiento;;;;;;;
req_obligatorio;;;;;;;
algoritmo_generacion;;;;;;;
requerimiento_funcional;;;;;;;
nombre;VX010136;req_obligatorio;1;;;;
activo;1;;;;;;
vigencia_exclusiva;;;;;;;
fuente_informacion;F22;CVC;;;;;
campo_especifico;[465]Sociedad;Categoriade;;;;;
algoritmo_generacion;Si {RUTSocio < 50.000.000} .y. {RUTSociedad  NO posee Anotacion = 72 vigente} y.;;;;;;
formato_detalle;RUT Sociedad;% de Participacion en Utilidades;[465] Sociedad;;;;
campos_salida;Rut1, Valor,;;;;;;
manejo_errores;;;;;;;
req_obligatorio;;;;;;;
campo_especifico;;;;;;;
algoritmo_generacion;;;;;;;
nombre_requerimiento;;;;;;;
requerimiento_funcional;;;;;;;
nombre_requerimiento;VECTOR VX010137;req_obligatorio;1;;;;
activo;1;;;;;;
vigencia_exclusiva;1;;;;;;
fuente_informacion;Avaluaciones;F1897AT, F1897AT-1 y F1897AT-2 y F1897AT-3;;;;;
campo_especifico;ROL Propiedad, Cuota;;;;;;
algoritmo_generacion;Si {Destino de la Propiedad = A .o. B .o. F}, entonces:;;;;;;
formato_detalle;ormato Detalle;ROL Propiedad;Destino de la;;;;
campos_salida;Rut1, Valor;;;;;;
manejo_errores;Si el vector no se genera, dar aviso a D.D.O.;;;;;;
req_obligatorio;;;;;;;
campo_especifico;;;;;;;
algoritmo_generacion;;;;;;;
formato_detalle;ormato Detalle;;;;;;
nombre_requerimiento;;;;;;;
requerimiento_funcional;;;;;;;
nombre_requerimiento;VECTOR VX010138;req_obligatorio;1;;;;
activo;1;;;;;;
vigencia_exclusiva;1;;;;;;
fuente_informacion;Avaluaciones;F1897AT, F1897AT-1 y F1897AT-2 y F1897AT-3;;;;;
campo_especifico;ROL Propiedad, Cuota;;;;;;
algoritmo_generacion;Si {Destino de la Propiedad = A .o. B .o. F}, entonces:;;;;;;
formato_detalle;ormato Detalle;ROL Propiedad;Destino de la;;;;
campos_salida;Rut1, Valor;;;;;;
manejo_errores;Si el vector no se genera, dar aviso a D.D.O.;;;;;;
req_obligatorio;;;;;;;
campo_especifico;;;;;;;
algoritmo_generacion;;;;;;;
formato_detalle;ormato Detalle;;;;;;
requerimiento_funcional;;;;;;;
nombre_requerimiento;VECTOR VX010140;req_obligatorio;1;;;;
activo;1;;;;;;
vigencia_exclusiva;1;;;;;;
fuente_informacion;Avaluaciones;;;;;;
campo_especifico;ROL Propiedad, Cuota Girada, Destino de la Propiedad, % Derechos y Fecha de;;;;;;
algoritmo_generacion;Si {Destino de la Propiedad = A .o. B .o. F}, entonces:;;;;;;
formato_detalle;ormato Detalle;ROL Propiedad;Destino de la;;;;
campos_salida;Rut1, Valor;;;;;;
manejo_errores;Si el vector no se genera, dar aviso a D.D.O.;;;;;;
nombre_requerimiento;;;;;;;
req_obligatorio;;;;;;;
campo_especifico;;;;;;;
algoritmo_generacion;;;;;;;
formato_detalle;ormato Detalle;;;;;;
req_obligatorio;;;;;;;
algoritmo_generacion;;;;;;;
requerimiento_funcional;;;;;;;
nombre;VX010141;req_obligatorio;1;;;;
activo;1;;;;;;
vigencia_exclusiva;;;;;;;
fuente_informacion;CVC;;;;;;
campo_especifico;RUT;Categoria de Contribuyente;;;;;
algoritmo_generacion;Si {RUTSocio < 50.000.000} .y. {RUTSociedad con Categoria =  2, al 25.01.AT };;;;;;
formato_detalle;RUT Sociedad;;;;;;
campos_salida;Rut1, Valor,;;;;;;
manejo_errores;;;;;;;
req_obligatorio;;;;;;;
campo_especifico;;;;;;;
requerimiento_funcional;;;;;;;
nombre;VX010145;req_obligatorio;1;;;;
activo;1;;;;;;
vigencia_exclusiva;;;;;;;
fuente_informacion;F1890;;;;;;
campo_especifico;Columna{InversionistasNacionales/InteresesRealesporDepositosde;;;;;;
algoritmo_generacion;F1890;;;;;;
formato_detalle;Registro DDJJ;;;;;;
campos_salida;Rut1, Valor;;;;;;
manejo_errores;;;;;;;
algoritmo_generacion;;;;;;;
requerimiento_funcional;;;;;;;
nombre;VX010146;req_obligatorio;1;;;;
activo;1;;;;;;
vigencia_exclusiva;;;;;;;
fuente_informacion;F1890;;;;;;
campo_especifico;Columna{InversionistasNacionales/InteresesRealesporDepositosde;;;;;;
algoritmo_generacion;Si registro NO esta observado, entonces:;;;;;;
formato_detalle;Registro DDJJ;;;;;;
campos_salida;Rut1, Valor;;;;;;
manejo_errores;;;;;;;
req_obligatorio;;;;;;;
campo_especifico;;;;;;;
algoritmo_generacion;;;;;;;
nombre_requerimiento;;;;;;;
requerimiento_funcional;;;;;;;
nombre_requerimiento;VECTOR VX010147;req_obligatorio;1;;;;
activo;1;;;;;;
vigencia_exclusiva;1;;;;;;
fuente_informacion;Nomina Presencia Bursatil de Acciones en Bolsa (ACCIONES.DAT);;;;;;
campo_especifico;Columna {No de RUT Soc. Anonima Abierta / Numero de RUT};;;;;;
algoritmo_generacion;Si {RUT de S.A. existe en la nomina ACCIONES.DAT}, entonces:;;;;;;
formato_detalle;Registro Nomina;;;;;;
campos_salida;Rut1, Valor;;;;;;
manejo_errores;Si el vector no se genera, dar aviso a D.D.O.;;;;;;
req_obligatorio;;;;;;;
algoritmo_generacion;;;;;;;
requerimiento_funcional;;;;;;;
nombre;VECTOR VX010148;req_obligatorio;1;;;;
activo;1;;;;;;
vigencia_exclusiva;1;;;;;;
fuente_informacion;F1879;;;;;;
campo_especifico;Columna {Monto Retenido Anual Actualizado (del 01/01 al 31/12) / Remuneracion;;;;;;
algoritmo_generacion;F1879;;;;;;
formato_detalle;Algoritmo de Generacion del Vector;;;;;;
campos_salida;Rut1, Valor;;;;;;
manejo_errores;Si el vector no se genera, dar aviso a D.D.O.;;;;;;
req_obligatorio;;;;;;;
campo_especifico;;;;;;;
algoritmo_generacion;;;;;;;
requerimiento_funcional;;;;;;;
nombre;VECTOR VX010149;req_obligatorio;1;;;;
activo;1;;;;;;
vigencia_exclusiva;1;;;;;;
fuente_informacion;F1879;;;;;;
campo_especifico;Columna {Monto Retenido Anual Actualizado (del 01/01 al 31/12) / Remuneracion;;;;;;
algoritmo_generacion;Si{RegistroNOestaobservado}.y.{F1879NOestaobservadoconR69,;;;;;;
formato_detalle;Registro DDJJ;;;;;;
campos_salida;Rut1, Valor;;;;;;
manejo_errores;Si el vector no se genera, dar aviso a D.D.O.;;;;;;
req_obligatorio;;;;;;;
campo_especifico;;;;;;;
algoritmo_generacion;;;;;;;
requerimiento_funcional;;;;;;;
nombre;VX010156;req_obligatorio;1;;;;
activo;1;;;;;;
vigencia_exclusiva;;;;;;;
fuente_informacion;F1822;;;;;;
campo_especifico;Columna { Precio Adquisicion de las Acciones de Pago debidamente actualizado /;;;;;;
algoritmo_generacion;F1822;;;;;;
formato_detalle;Registro DDJJ;;;;;;
campos_salida;Rut1, Valor;;;;;;
manejo_errores;;;;;;;
req_obligatorio;;;;;;;
campo_especifico;;;;;;;
algoritmo_generacion;;;;;;;
requerimiento_funcional;;;;;;;
nombre_requerimiento;Vector Vx010157;req_obligatorio;1;;;;
activo;1;;;;;;
vigencia_exclusiva;1;;;;;;
fuente_informacion;F1822;;;;;;
campo_especifico;Columna {Creditos Para G. Complementario o Adicional Asociado a los Retiros;;;;;;
algoritmo_generacion;Si registro NO esta observado, entonces:;;;;;;
formato_detalle;Registro DDJJ;;;;;;
campos_salida;Rut1, Valor;;;;;;
manejo_errores;Si el vector no se genera, dar aviso a D.D.O.;;;;;;
campo_especifico;;;;;;;
algoritmo_generacion;;;;;;;
requerimiento_funcional;;;;;;;
nombre;VX010160;req_obligatorio;1;;;;
activo;1;;;;;;
vigencia_exclusiva;;;;;;;
fuente_informacion;Nomina de Gastos de Capacitacion SENCE (SENCE.DAT) o Declaracion Jurada;;;;;;
campo_especifico;RUT;;;;;;
algoritmo_generacion;Si RUT en AT-1 .o. AT-2 .o. AT-3 viene en SENCE.DAT .o. F4500, entonces:;;;;;;
formato_detalle;-;;;;;;
campos_salida;Rut1, Valor;;;;;;
manejo_errores;;;;;;;
req_obligatorio;;;;;;;
fuente_informacion;;;;;;;
algoritmo_generacion;;;;;;;
nombre_requerimiento;;;;;;;
req_obligatorio;;;;;;;
fuente_informacion;;;;;;;
campo_especifico;;;;;;;
requerimiento_funcional;;;;;;;
nombre_requerimiento;VECTOR VX010161;req_obligatorio;1;;;;
activo;1;;;;;;
vigencia_exclusiva;1;;;;;;
fuente_informacion;Nomina Transferencias de Vehiculos Nuevos;;;;;;
campo_especifico;Columna {RUT del;;;;;;
algoritmo_generacion;Nomina;;;;;;
formato_detalle;Registro Nomina;;;;;;
campos_salida;Rut1, Valor;;;;;;
manejo_errores;Si el vector no se genera, dar aviso a D.D.O.;;;;;;
algoritmo_generacion;;;;;;;
requerimiento_funcional;;;;;;;
nombre;VECTOR VX010162;req_obligatorio;1;;;;
activo;1;;;;;;
vigencia_exclusiva;1;;;;;;
fuente_informacion;Nomina Transferencias de Vehiculos Usados (VEHICULO_USADO.DAT);;;;;;
campo_especifico;Columna {RUT del Comprador};Columna {Valor Pagado por Vehiculo};;;;;
algoritmo_generacion;Nomina;;;;;;
formato_detalle;Registro Nomina;;;;;;
campos_salida;Rut1, Valor;;;;;;
manejo_errores;Si el vector no se genera, dar aviso a D.D.O.;;;;;;
req_obligatorio;;;;;;;
algoritmo_generacion;;;;;;;
requerimiento_funcional;;;;;;;
nombre_requerimiento;VECTOR VX010163;req_obligatorio;1;;;;
activo;1;;;;;;
vigencia_exclusiva;1;;;;;;
fuente_informacion;Avaluaciones;;;;;;
campo_especifico;Monto de Compra;% Derechos;;;;;
algoritmo_generacion;AvaluacionesB;;;;;;
formato_detalle;Rol Propiedad;Monto de Compra;% Derechos;% Total Derechos;;;
campos_salida;Rut1, Valor;;;;;;
manejo_errores;Si el vector no se genera, dar aviso a D.D.O.;;;;;;
nombre_requerimiento;;;;;;;
req_obligatorio;;;;;;;
algoritmo_generacion;;;;;;;
requerimiento_funcional;;;;;;;
nombre;VECTOR VX010164;req_obligatorio;1;;;;
activo;1;;;;;;
vigencia_exclusiva;;;;;;;
fuente_informacion;Avaluaciones;;;;;;
campo_especifico;Pago al Contado;% Derechos;;;;;
algoritmo_generacion;AvaluacionesB;;;;;;
formato_detalle;Rol Propiedad;Pago al Contado;% Derechos;% Total Derechos;;;
campos_salida;Rut1, Valor;;;;;;
manejo_errores;;;;;;;
req_obligatorio;;;;;;;
algoritmo_generacion;;;;;;;
requerimiento_funcional;;;;;;;
nombre;VX010165;req_obligatorio;1;;;;
activo;1;;;;;;
vigencia_exclusiva;;;;;;;
fuente_informacion;Nomina de Naves Maritimas (o Artefacto;;;;;;
campo_especifico;Monto;;;;;;
algoritmo_generacion;Si 01.01.(AT-1) Ã¯â€šÂ£ Fecha Pago Contado Ã¯â€šÂ£ 31.12.(AT-1);;;;;;
formato_detalle;Registro Nomina;;;;;;
campos_salida;Rut1, Valor;;;;;;
manejo_errores;;;;;;;
req_obligatorio;;;;;;;
fuente_informacion;;;;;;;
campo_especifico;;;;;;;
algoritmo_generacion;;;;;;;
req_obligatorio;;;;;;;
fuente_informacion;;;;;;;
campo_especifico;;;;;;;
algoritmo_generacion;;;;;;;
requerimiento_funcional;;;;;;;
nombre;VX010166;req_obligatorio;1;;;;
activo;1;;;;;;
vigencia_exclusiva;;;;;;;
fuente_informacion;Nomina de Inscripcion y Transferencias de;;;;;;
campo_especifico;Monto;;;;;;
algoritmo_generacion;Si 01.01.(AT-1) Ã¯â€šÂ£ Fecha Pago Contado Ã¯â€šÂ£ 31.12.(AT-1);;;;;;
formato_detalle;Registro Nomina;;;;;;
campos_salida;Rut1, Valor;;;;;;
manejo_errores;;;;;;;
req_obligatorio;;;;;;;
campo_especifico;;;;;;;
requerimiento_funcional;;;;;;;
nombre;VECTOR VX010168;req_obligatorio;1;;;;
activo;1;;;;;;
vigencia_exclusiva;;;;;;;
fuente_informacion;F1894;;;;;;
campo_especifico;Columna{MontoNominalInversiono;;;;;;
algoritmo_generacion;Si 01/01/AT-1 < Fecha Inversion < 31/12/AT-1, .y. Tipo de Operacion es igual a;;;;;;
formato_detalle;Registro DDJJ;;;;;;
campos_salida;Rut1, Valor;;;;;;
manejo_errores;;;;;;;
algoritmo_generacion;;;;;;;
requerimiento_funcional;;;;;;;
nombre;VECTOR VX010170;req_obligatorio;1;;;;
activo;1;;;;;;
vigencia_exclusiva;1;;;;;;
fuente_informacion;CVC;;;;;;
campo_especifico;Anotaciones Vigentes;;;;;;
algoritmo_generacion;Si, a la fecha de generacion del vector, el RUT posee {Anotacion Vigente = 4103},;;;;;;
formato_detalle;-;;;;;;
campos_salida;Rut1, Valor;;;;;;
manejo_errores;Si el vector no se genera, dar aviso a D.D.O.;;;;;;
req_obligatorio;;;;;;;
algoritmo_generacion;;;;;;;
requerimiento_funcional;;;;;;;
nombre;VECTOR VX010171;req_obligatorio;1;;;;
activo;1;;;;;;
vigencia_exclusiva;1;;;;;;
fuente_informacion;CVC;;;;;;
campo_especifico;Anotaciones Vigentes;;;;;;
algoritmo_generacion;Si, a la fecha de generacion del vector, el RUT posee {Anotacion Vigente = 4001;;;;;;
formato_detalle;-;;;;;;
campos_salida;Rut1, Valor;;;;;;
manejo_errores;Si el vector no se genera, dar aviso a D.D.O.;;;;;;
req_obligatorio;;;;;;;
algoritmo_generacion;;;;;;;
nombre_requerimiento;;;;;;;
req_obligatorio;;;;;;;
algoritmo_generacion;;;;;;;
requerimiento_funcional;;;;;;;
nombre_requerimiento;VECTOR VX010172;req_obligatorio;1;;;;
activo;1;;;;;;
vigencia_exclusiva;1;;;;;;
fuente_informacion;Nomina de Fiscalizacion;;;;;;
campo_especifico;RUT;Valor;;;;;
algoritmo_generacion;Si el RUT existe en la Nomina de Fiscalizacion, entonces:;;;;;;
formato_detalle;Glosa del valor que toma el vector;;;;;;
campos_salida;Rut1, Valor;;;;;;
manejo_errores;Si el vector no se genera, dar aviso a D.D.O.;;;;;;
requerimiento_funcional;;;;;;;
nombre;VECTOR VX010173;req_obligatorio;1;;;;
activo;1;;;;;;
vigencia_exclusiva;;;;;;;
fuente_informacion;CVC;;;;;;
campo_especifico;Anotaciones Vigentes;;;;;;
algoritmo_generacion;Si RUT posee {Anotaciones Vigentes = 3500 .o. 3600} anotadas despues del 1 de;;;;;;
formato_detalle;Anotacion Vigente;Fecha Anotacion;;;;;
campos_salida;Rut1, Valor;;;;;;
manejo_errores;;;;;;;
req_obligatorio;;;;;;;
algoritmo_generacion;;;;;;;
requerimiento_funcional;;;;;;;
nombre;VX010174;req_obligatorio;1;;;;
activo;1;;;;;;
vigencia_exclusiva;;;;;;;
fuente_informacion;CVC;;;;;;
campo_especifico;Anotaciones Vigentes;;;;;;
algoritmo_generacion;Si RUT < 50.000.000 .y. posee {Anotacion Vigente= 31 .o. 32 .o. 33 .o. 34 .o. 36;;;;;;
formato_detalle;Anotacion Vigente;Fecha Anotacion;;;;;
campos_salida;Rut1, Valor;;;;;;
manejo_errores;;;;;;;
req_obligatorio;;;;;;;
algoritmo_generacion;;;;;;;
requerimiento_funcional;;;;;;;
nombre;VX010175;req_obligatorio;1;;;;
activo;1;;;;;;
vigencia_exclusiva;;;;;;;
fuente_informacion;CVC;;;;;;
campo_especifico;Anotaciones Vigentes;;;;;;
algoritmo_generacion;Si RUT > 50.000.000 .y. posee {Anotacion Vigente= 31 .o. 32 .o. 33 .o.  34 .o. 36;;;;;;
formato_detalle;Anotacion Vigente;Fecha Anotacion;;;;;
campos_salida;Rut1, Valor;;;;;;
manejo_errores;;;;;;;
req_obligatorio;;;;;;;
algoritmo_generacion;;;;;;;
requerimiento_funcional;;;;;;;
nombre;VX010176;req_obligatorio;1;;;;
activo;1;;;;;;
vigencia_exclusiva;;;;;;;
fuente_informacion;Nomina de Renta Efectiva: Contribuyentes Agricultores, Mineros y Transportistas;;;;;;
campo_especifico;RUT;;;;;;
algoritmo_generacion;Si RUT existe en CAMT.DAT, entonces:;;;;;;
formato_detalle;-;;;;;;
campos_salida;Rut1, Valor;;;;;;
manejo_errores;;;;;;;
req_obligatorio;;;;;;;
fuente_informacion;;;;;;;
algoritmo_generacion;;;;;;;
requerimiento_funcional;;;;;;;
nombre;VX010179;req_obligatorio;1;;;;
activo;1;;;;;;
vigencia_exclusiva;;;;;;;
fuente_informacion;Nomina Devolucion de PPM por Termino de Giro (PPM.DAT);;;;;;
campo_especifico;{Monto de Ppm pagado en F10};;;;;;
algoritmo_generacion;Vx010179 = { Monto de Ppm pagado en F10};;;;;;
formato_detalle;-;;;;;;
campos_salida;Rut1, Valor;;;;;;
manejo_errores;;;;;;;
req_obligatorio;;;;;;;
requerimiento_funcional;;;;;;;
nombre;VECTOR VX010180;req_obligatorio;1;;;;
activo;1;;;;;;
vigencia_exclusiva;1;;;;;;
fuente_informacion;CVC;;;;;;
campo_especifico;RUT;Fecha de Defuncion;;;;;
algoritmo_generacion;Si {RUT < 50.000.000} .y. {Fecha de Defuncion Ã¯â€šÂ£ 31/12/AT-1}, entonces:;;;;;;
formato_detalle;-;;;;;;
campos_salida;Rut1, Valor;;;;;;
manejo_errores;Si el vector no se genera, dar aviso a D.D.O.;;;;;;
req_obligatorio;;;;;;;
algoritmo_generacion;;;;;;;
requerimiento_funcional;;;;;;;
nombre;VX010181;req_obligatorio;;;;;
activo;1;;;;;;
vigencia_exclusiva;;;;;;;
fuente_informacion;F22;;;;;;
campo_especifico;[647];;;;;;
algoritmo_generacion;Vx010181 = { [647]F22_ AT -1 *P207 };;;;;;
formato_detalle;Folio;Fecha de Presentacion;Codigo [647];;;;
campos_salida;Rut1, Valor;;;;;;
manejo_errores;;;;;;;
requerimiento_funcional;;;;;;;
nombre;VECTOR VX010182;req_obligatorio;1;;;;
activo;1;;;;;;
vigencia_exclusiva;1;;;;;;
fuente_informacion;CVC;Nomina Superficie de Explotacion Forestal Acogidos;;;;;
campo_especifico;RUTSocio y RUTSociedad;Columna {RUT Propietario del Predio};;;;;
algoritmo_generacion;Si{RUTSocio<50.000.000}.y.{RUTSociedadvieneinformadoenlanomina;;;;;;
formato_detalle;RUTSociedad;;;;;;
campos_salida;Rut1, Valor;;;;;;
manejo_errores;Si el vector no se genera, dar aviso a D.D.O.;;;;;;
req_obligatorio;;;;;;;
fuente_informacion;;;;;;;
algoritmo_generacion;;;;;;;
nombre_requerimiento;;;;;;;
req_obligatorio;;;;;;;
campo_especifico;;;;;;;
algoritmo_generacion;;;;;;;
requerimiento_funcional;;;;;;;
nombre_requerimiento;VECTOR VX010183;req_obligatorio;1;;;;
activo;1;;;;;;
vigencia_exclusiva;1;;;;;;
fuente_informacion;CVC;Nomina SDF;;;;;
campo_especifico;RUT,IniciodeActividades,CategoriadeActividadEconomicaVigentey;;;;;;
algoritmo_generacion;{Si {RUT Ã¯â€šÂ³ 48.000.000} .y. {Posee actividad economica vigente al 25.01.AT} .y.;;;;;;
formato_detalle;-;;;;;;
campos_salida;Rut1, Valor;;;;;;
manejo_errores;Si el vector no se genera, dar aviso a D.D.O.;;;;;;
requerimiento_funcional;;;;;;;
nombre;VECTOR VX010184;req_obligatorio;1;;;;
activo;1;;;;;;
vigencia_exclusiva;;;;;;;
fuente_informacion;F22;CVC;;;;;
campo_especifico;Vx012602Sociedad;Porcentaje de Participacion;;;;;
algoritmo_generacion;Si RUTSocio < 50.000.000 .y. {Vx012602Sociedad > 0 }, entonces:;;;;;;
formato_detalle;Rut Sociedad;% de Participacion en Utilidades;[187] Sociedad;;;;
campos_salida;Rut1, Valor;;;;;;
manejo_errores;;;;;;;
req_obligatorio;;;;;;;
campo_especifico;;;;;;;
algoritmo_generacion;;;;;;;
requerimiento_funcional;;;;;;;
nombre;VECTOR VX010186;req_obligatorio;1;;;;
activo;1;;;;;;
vigencia_exclusiva;;;;;;;
fuente_informacion;F1822;;;;;;
campo_especifico;Columna{Creditospara Gl.Complementario oAdicional asociadosaretiros;;;;;;
algoritmo_generacion;Si registro NO esta observado, entonces:;;;;;;
formato_detalle;Registro DDJJ;;;;;;
campos_salida;Rut1, Valor;;;;;;
manejo_errores;;;;;;;
req_obligatorio;;;;;;;
campo_especifico;;;;;;;
algoritmo_generacion;;;;;;;
requerimiento_funcional;;;;;;;
nombre;VECTOR VX010188;req_obligatorio;1;;;;
activo;1;;;;;;
vigencia_exclusiva;1;;;;;;
fuente_informacion;Nomina Transferencias de Vehiculos Usados (VEHICULO_USADO.DAT);;;;;;
campo_especifico;Columna {RUT del Vendedor};Columna {Valor Pagado por Vehiculo};;;;;
algoritmo_generacion;Nomina;;;;;;
formato_detalle;Registro Nomina;;;;;;
campos_salida;Rut1, Valor;;;;;;
manejo_errores;Si el vector no se genera, dar aviso a D.D.O.;;;;;;
req_obligatorio;;;;;;;
algoritmo_generacion;;;;;;;
nombre_requerimiento;;;;;;;
requerimiento_funcional;;;;;;;
nombre_requerimiento;VECTOR VX010189;req_obligatorio;1;;;;
activo;1;;;;;;
vigencia_exclusiva;1;;;;;;
fuente_informacion;Avaluaciones;;;;;;
campo_especifico;Monto de Venta;% Derechos;;;;;
algoritmo_generacion;AvaluacionesB;;;;;;
formato_detalle;Rol Propiedad;Monto de Venta;% Derechos;% Total Derechos;;;
campos_salida;Rut1, Valor;;;;;;
manejo_errores;Si el vector no se genera, dar aviso a D.D.O.;;;;;;
req_obligatorio;;;;;;;
algoritmo_generacion;;;;;;;
requerimiento_funcional;;;;;;;
nombre;VX010190;req_obligatorio;1;;;;
activo;1;;;;;;
vigencia_exclusiva;;;;;;;
fuente_informacion;F1894;;;;;;
campo_especifico;Columna { Monto Nominal Rescate a la fecha en que se efectuo Inversion;;;;;;
algoritmo_generacion;Si Tipo de Operacion es igual a (4 .o. 5 .o. 6 .o. 7), entonces:;;;;;;
formato_detalle;Registro DDJJ;;;;;;
campos_salida;Rut1, Valor;;;;;;
manejo_errores;;;;;;;
req_obligatorio;;;;;;;
campo_especifico;;;;;;;
algoritmo_generacion;;;;;;;
req_obligatorio;;;;;;;
algoritmo_generacion;;;;;;;
requerimiento_funcional;;;;;;;
nombre;VX010192;req_obligatorio;1;;;;
activo;1;;;;;;
vigencia_exclusiva;;;;;;;
fuente_informacion;F1896;;;;;;
campo_especifico;Columna { Monto Actualizado del Dividendo o Aporte };;;;;;
algoritmo_generacion;Si registro NO esta observado, entonces:;;;;;;
formato_detalle;Registro DDJJ;;;;;;
campos_salida;Rut1, Valor;;;;;;
manejo_errores;;;;;;;
requerimiento_funcional;;;;;;;
nombre;VX010195;req_obligatorio;1;;;;
activo;1;;;;;;
vigencia_exclusiva;;;;;;;
fuente_informacion;F22AT-1;;;;;;
campo_especifico;[703];;;;;;
algoritmo_generacion;Vx010195 = { [703]F22_ AT-1 * P207 };;;;;;
formato_detalle;Folio;Fecha de Presentacion;Codigo [703];;;;
campos_salida;Rut1, Valor;;;;;;
manejo_errores;;;;;;;
req_obligatorio;;;;;;;
requerimiento_funcional;;;;;;;
nombre;VX010197;req_obligatorio;1;;;;
activo;1;;;;;;
vigencia_exclusiva;;;;;;;
fuente_informacion;F22;;;;;;
campo_especifico;[366];;;;;;
algoritmo_generacion;Vx010197 = { [366]F22_ AT -1*P207};;;;;;
formato_detalle;Folio;Periodo Tributario;Fecha de Presentacion;Codigo [366];;;
campos_salida;Rut1, Valor;;;;;;
manejo_errores;;;;;;;
req_obligatorio;;;;;;;
req_obligatorio;;;;;;;
campo_especifico;;;;;;;
algoritmo_generacion;;;;;;;
requerimiento_funcional;;;;;;;
nombre;VX010200;req_obligatorio;1;;;;
activo;1;;;;;;
vigencia_exclusiva;;;;;;;
fuente_informacion;F1822;;;;;;
campo_especifico;Columna {Precio de Adquisicion de las Acciones de pago debidamente actualizado;;;;;;
algoritmo_generacion;F1822;;;;;;
formato_detalle;Registro DDJJ;;;;;;
campos_salida;Rut1, Valor;;;;;;
manejo_errores;;;;;;;
requerimiento_funcional;;;;;;;
nombre;VECTOR VX010201;req_obligatorio;1;;;;
activo;1;;;;;;
vigencia_exclusiva;;;;;;;
fuente_informacion;CVC;;;;;;
campo_especifico;Categoriade;;;;;;
algoritmo_generacion;Si {RUTSociedad con Categoria =  2, al 25.01.AT } .y. {RUTSociedad NO posee Anotacion;;;;;;
formato_detalle;Algoritmo de Generacion;;;;;;
campos_salida;Rut1, Valor;;;;;;
manejo_errores;;;;;;;
req_obligatorio;;;;;;;
campo_especifico;;;;;;;
algoritmo_generacion;;;;;;;
algoritmo_generacion;;;;;;;
requerimiento_funcional;;;;;;;
nombre;VX010203;req_obligatorio;1;;;;
activo;1;;;;;;
vigencia_exclusiva;;;;;;;
fuente_informacion;F1822;;;;;;
campo_especifico;Columna {Precio adquisicion de las acciones de pago debidamente actualizado /;;;;;;
algoritmo_generacion;F1822;;;;;;
formato_detalle;Registro DDJJ;;;;;;
campos_salida;Rut1, Valor;;;;;;
manejo_errores;;;;;;;
req_obligatorio;;;;;;;
campo_especifico;;;;;;;
requerimiento_funcional;;;;;;;
nombre;VECTOR VX010204;req_obligatorio;1;;;;
activo;1;;;;;;
vigencia_exclusiva;;;;;;;
fuente_informacion;CVC;;;;;;
campo_especifico;Anotacion Vigentes;;;;;;
algoritmo_generacion;Si RUT posee {Anotaciones Vigentes = 3500 .o. 3600}} anotadas despues del 1;;;;;;
formato_detalle;Anotacion Vigente;Fecha Anotacion;;;;;
campos_salida;Rut1, Valor;;;;;;
manejo_errores;;;;;;;
req_obligatorio;;;;;;;
algoritmo_generacion;;;;;;;
requerimiento_funcional;;;;;;;
nombre;VECTOR VX010205;req_obligatorio;1;;;;
activo;1;;;;;;
vigencia_exclusiva;;;;;;;
fuente_informacion;CVC;;;;;;
campo_especifico;Anotaciones Vigentes;;;;;;
algoritmo_generacion;Si RUT posee {Anotaciones Vigentes = 3500 .o. 3600 }  anotadas despues del 1;;;;;;
formato_detalle;Anotacion Vigente;Fecha Anotacion;;;;;
campos_salida;Rut1, Valor;;;;;;
manejo_errores;;;;;;;
req_obligatorio;;;;;;;
algoritmo_generacion;;;;;;;
requerimiento_funcional;;;;;;;
nombre;VECTOR VX010207;req_obligatorio;1;;;;
activo;1;;;;;;
vigencia_exclusiva;;;;;;;
fuente_informacion;F1879;;;;;;
campo_especifico;Columna {Monto Retenido Anual Actualizado (del 01/01 al 31/12) / Honorarios y;;;;;;
algoritmo_generacion;F1879;;;;;;
formato_detalle;Registro DDJJ;;;;;;
campos_salida;Rut1, Valor;;;;;;
manejo_errores;;;;;;;
req_obligatorio;;;;;;;
campo_especifico;;;;;;;
algoritmo_generacion;;;;;;;
algoritmo_generacion;;;;;;;
requerimiento_funcional;;;;;;;
nombre;VX010208;req_obligatorio;1;;;;
activo;1;;;;;;
vigencia_exclusiva;1;;;;;;
fuente_informacion;F1812;F1887;;;;;
campo_especifico;Columna {Montos Anuales Actualizados / Impuesto ÃƒÅ¡nico Retenido};;;;;;
algoritmo_generacion;F1812/87;;;;;;
formato_detalle;Registro DDJJ;;;;;;
campos_salida;Rut1, Valor;;;;;;
manejo_errores;Si el vector no se genera, dar aviso a D.D.O.;;;;;;
req_obligatorio;;;;;;;
requerimiento_funcional;;;;;;;
nombre;VX010210;req_obligatorio;1;;;;
activo;1;;;;;;
vigencia_exclusiva;;;;;;;
fuente_informacion;F1898;;;;;;
campo_especifico;Columna {Monto Actualizado de los Intereses Pagados ($) en Dividendo};;;;;;
algoritmo_generacion;Si registro NO esta observado, entonces:;;;;;;
formato_detalle;Registro DDJJ;;;;;;
campos_salida;Rut1, Valor;;;;;;
manejo_errores;;;;;;;
req_obligatorio;;;;;;;
algoritmo_generacion;;;;;;;
requerimiento_funcional;;;;;;;
nombre;VX010211;req_obligatorio;1;;;;
activo;1;;;;;;
vigencia_exclusiva;;;;;;;
fuente_informacion;Nomina Declaracion Jurada de Renuncia;;;;;;
campo_especifico;RUT;;;;;;
algoritmo_generacion;Si existe en Nomina AT2002, entonces:;;;;;;
formato_detalle;-;;;;;;
campos_salida;Rut1, Valor;;;;;;
manejo_errores;;;;;;;
req_obligatorio;;;;;;;
algoritmo_generacion;;;;;;;
req_obligatorio;;;;;;;
algoritmo_generacion;;;;;;;
requerimiento_funcional;;;;;;;
nombre;VX010212;req_obligatorio;1;;;;
activo;1;;;;;;
vigencia_exclusiva;;;;;;;
fuente_informacion;DJS Ley 19.840 (55 bis);Avaluaciones;;;;;
campo_especifico;RUT;Codigo Comuna;NÃ‚Â° Rol de Avaluo;;;;
algoritmo_generacion;Si RUT esta en la DJS, entonces:;;;;;;
formato_detalle;NÃ‚Â° Rol de Avaluo;Comuna;Fecha;;;;
campos_salida;Rut1, Valor;;;;;;
manejo_errores;;;;;;;
nombre_requerimiento;;;;;;;
algoritmo_generacion;;;;;;;
requerimiento_funcional;;;;;;;
nombre_requerimiento;VECTOR VX010213;req_obligatorio;1;;;;
activo;1;;;;;;
vigencia_exclusiva;1;;;;;;
fuente_informacion;F29 (SIN FILTROS: Considerar todos los F29 presentados por el contribuyente, sin validar las;;;;;;
campo_especifico;[20];[142];;;;;
algoritmo_generacion;F2912;;;;;;
formato_detalle;ormato Detalle;Folio;Periodo;;;;
campos_salida;Rut1, Valor;;;;;;
manejo_errores;Si el vector no se genera, dar aviso a D.D.O.;;;;;;
req_obligatorio;;;;;;;
fuente_informacion;;;;;;;
campo_especifico;;;;;;;
formato_detalle;ormato Detalle;;;;;;
requerimiento_funcional;;;;;;;
nombre;VX010214;req_obligatorio;1;;;;
activo;1;;;;;;
vigencia_exclusiva;;;;;;;
fuente_informacion;F29;;;;;;
campo_especifico;[520];[528];[532];[535];[560];[521];[562]
algoritmo_generacion;F2912;;;;;;
formato_detalle;ormato Detalle;Folio;Periodo;;;;
campos_salida;Rut1, Valor;;;;;;
manejo_errores;;;;;;;
req_obligatorio;;;;;;;
algoritmo_generacion;;;;;;;
formato_detalle;ormato Detalle;;;;;;
req_obligatorio;;;;;;;
algoritmo_generacion;;;;;;;
requerimiento_funcional;;;;;;;
nombre;VX010216;req_obligatorio;1;;;;
activo;1;;;;;;
vigencia_exclusiva;;;;;;;
fuente_informacion;F22;;;;;;
campo_especifico;[647];;;;;;
algoritmo_generacion;Ã¯Æ’Â¬[[647];;;;;;
formato_detalle;-;;;;;;
campos_salida;Rut1, Valor;;;;;;
manejo_errores;;;;;;;
requerimiento_funcional;;;;;;;
nombre;VECTOR VX010236;req_obligatorio;1;;;;
activo;1;;;;;;
vigencia_exclusiva;;;;;;;
fuente_informacion;F22;CVC;F1890;;;;
campo_especifico;Vector Renta;Porcentajede;;;;;
algoritmo_generacion;Si {Vx012602Sociedad > 0 }, entonces:;;;;;;
formato_detalle;RUT Sociedad;% de Participacion en Utilidades;Registro DDJJ;;;;
campos_salida;Rut1, Valor;;;;;;
manejo_errores;;;;;;;
req_obligatorio;;;;;;;
campo_especifico;;;;;;;
algoritmo_generacion;;;;;;;
requerimiento_funcional;;;;;;;
nombre;VECTOR VX010237;req_obligatorio;1;;;;
activo;1;;;;;;
vigencia_exclusiva;;;;;;;
fuente_informacion;F22;CVC;F1890;;;;
campo_especifico;Vector Renta;Porcentajede;;;;;
algoritmo_generacion;Si registro NO esta observado .y.  Vx012602Sociedad > 0 , entonces:;;;;;;
formato_detalle;RUT Sociedad;% de Participacion en Utilidades;Registro DDJJ;;;;
campos_salida;Rut1, Valor;;;;;;
manejo_errores;;;;;;;
req_obligatorio;;;;;;;
campo_especifico;;;;;;;
algoritmo_generacion;;;;;;;
req_obligatorio;;;;;;;
campo_especifico;;;;;;;
algoritmo_generacion;;;;;;;
requerimiento_funcional;;;;;;;
nombre;VECTOR VX010238;req_obligatorio;1;;;;
activo;1;;;;;;
vigencia_exclusiva;;;;;;;
fuente_informacion;F22;CVC;F1890;;;;
campo_especifico;Vector Renta;Porcentajede;;;;;
algoritmo_generacion;Si Vx012602Sociedad > 0 , entonces:;;;;;;
formato_detalle;RUT Sociedad;% de Participacion en Utilidades;Registro DDJJ;;;;
campos_salida;Rut1, Valor;;;;;;
manejo_errores;;;;;;;
requerimiento_funcional;;;;;;;
nombre;VX010239;req_obligatorio;1;;;;
activo;1;;;;;;
vigencia_exclusiva;;;;;;;
fuente_informacion;F22;CVC;F1890;;;;
campo_especifico;Vector Renta;Porcentajede;;;;;
algoritmo_generacion;Si {Vx012602Sociedad > 0 .y. [REC3]Sociedad = 0}, entonces:;;;;;;
formato_detalle;RUT Sociedad;% de Participacion en Utilidades;Registro DDJJ;;;;
campos_salida;Rut1, Valor;;;;;;
manejo_errores;;;;;;;
req_obligatorio;;;;;;;
campo_especifico;;;;;;;
algoritmo_generacion;;;;;;;
requerimiento_funcional;;;;;;;
nombre;VX010240;req_obligatorio;1;;;;
activo;1;;;;;;
vigencia_exclusiva;1;;;;;;
fuente_informacion;F22;CVC;F1894;;;;
campo_especifico;Vector Renta;Porcentajede;;;;;
algoritmo_generacion;Si {Vx012602Sociedad > 0 .y. [REC3]Sociedad = 0 .y. Tipo de Operacion es igual a (4;;;;;;
formato_detalle;RUT Sociedad;% de Participacion en Utilidades;Registro DDJJ;;;;
campos_salida;Rut1, Valor;;;;;;
manejo_errores;Si el vector no se genera, dar aviso a D.D.O.;;;;;;
req_obligatorio;;;;;;;
campo_especifico;;;;;;;
algoritmo_generacion;;;;;;;
requerimiento_funcional;;;;;;;
nombre;VX010241;req_obligatorio;1;;;;
activo;1;;;;;;
vigencia_exclusiva;;;;;;;
fuente_informacion;F22;CVC;F1894;;;;
campo_especifico;Vector Renta;Porcentaje de Participacion;;;;;
algoritmo_generacion;Si registro NO esta observado .y. {Vx012602Sociedad > 0 .y. [REC3]Sociedad = 0},;;;;;;
formato_detalle;RUT Sociedad;% de Participacion en Utilidades;Registro DDJJ;;;;
campos_salida;Rut1, Valor;;;;;;
manejo_errores;;;;;;;
req_obligatorio;;;;;;;
campo_especifico;;;;;;;
algoritmo_generacion;;;;;;;
requerimiento_funcional;;;;;;;
nombre;VECTOR VX010242;req_obligatorio;1;;;;
activo;1;;;;;;
vigencia_exclusiva;1;;;;;;
fuente_informacion;Vector Renta;;;;;;
campo_especifico;Vx010100Padre;Vx010100Hijo;Vx010350Hijo;;;;
"Fuente de Informacion: F1870.""";;;;;;;
algoritmo_generacion;Si {Ã¢Ë†â€˜Por Hijo > 0}, entonces:;;;;;;
formato_detalle;Vx010100Hijo;;;;;;
campos_salida;Rut1, Valor;;;;;;
manejo_errores;Si el vector no se genera, dar aviso a D.D.O.;;;;;;
req_obligatorio;;;;;;;
algoritmo_generacion;;;;;;;
requerimiento_funcional;;;;;;;
nombre;VX010248;req_obligatorio;1;;;;
activo;1;;;;;;
vigencia_exclusiva;;;;;;;
fuente_informacion;F50;;;;;;
campo_especifico;[706], [707], [711] y [712];;;;;;
algoritmo_generacion;F50;;;;;;
formato_detalle;ormato Detalle;Folio;Periodo Tributario;Fecha de Presentacion;Codigos [706], [707], [711];;
campos_salida;Rut1, Valor;;;;;;
manejo_errores;;;;;;;
req_obligatorio;;;;;;;
algoritmo_generacion;;;;;;;
formato_detalle;ormato Detalle;;;;;;
requerimiento_funcional;;;;;;;
nombre;VX010249;req_obligatorio;1;;;;
activo;1;;;;;;
vigencia_exclusiva;;;;;;;
fuente_informacion;F1898;;;;;;
campo_especifico;;;;;;;
algoritmo_generacion;Si RUT tiene mas de un {Rol de la Propiedad} asociado, entonces:;;;;;;
formato_detalle;Registro DDJJ;;;;;;
campos_salida;Rut1, Valor;;;;;;
manejo_errores;;;;;;;
req_obligatorio;;;;;;;
algoritmo_generacion;;;;;;;
req_obligatorio;;;;;;;
campo_especifico;;;;;;;
algoritmo_generacion;;;;;;;
requerimiento_funcional;;;;;;;
nombre;VX010251;req_obligatorio;1;;;;
activo;1;;;;;;
vigencia_exclusiva;;;;;;;
fuente_informacion;F1896;Avaluaciones;;;;;
campo_especifico;Columna {NÃ‚Â°;;;;;;
algoritmo_generacion;Si registro NO esta observado .y. {Rol de la Propiedad = DFL2}Avaluaciones;;;;;;
formato_detalle;Registro DDJJ;;;;;;
campos_salida;Rut1, Valor;;;;;;
formato_detalle;ormato Detalle;;;;;;
requerimiento_funcional;;;;;;;
nombre;VX010252;req_obligatorio;1;;;;
activo;1;;;;;;
vigencia_exclusiva;;;;;;;
fuente_informacion;F50;;;;;;
campo_especifico;[652];[655];[658];[661];;;
algoritmo_generacion;F50;;;;;;
formato_detalle;ormato Detalle;Folio;Periodo;;;;
campos_salida;Rut1, Valor;;;;;;
manejo_errores;;;;;;;
req_obligatorio;;;;;;;
algoritmo_generacion;;;;;;;
algoritmo_generacion;;;;;;;
requerimiento_funcional;;;;;;;
nombre;VX010253;req_obligatorio;1;;;;
activo;1;;;;;;
vigencia_exclusiva;;;;;;;
fuente_informacion;F50;;;;;;
campo_especifico;[67];;;;;;
algoritmo_generacion;Si 12.AT-2 Ã¯â€šÂ£ Periodo Tributario [15] Ã¯â€šÂ£ 12.AT-1, entonces:;;;;;;
formato_detalle;Folio;Periodo Tributario;Fecha de Presentacion;Codigo [67];;;
campos_salida;Rut1, Valor;;;;;;
manejo_errores;;;;;;;
req_obligatorio;;;;;;;
requerimiento_funcional;;;;;;;
nombre;VECTOR VX010254;req_obligatorio;1;;;;
activo;1;;;;;;
vigencia_exclusiva;1;;;;;;
fuente_informacion;Vector Renta;;;;;;
campo_especifico;Vx010034Padre;Vx010034Hijo;Vx010350Hijo;;;;
"Fuente de Informacion: F1870.""";;;;;;;
algoritmo_generacion;Si {Ã¢Ë†â€˜Por Hijo > 0}, entonces:;;;;;;
formato_detalle;Vx010034Hijo;;;;;;
campos_salida;Rut1, Valor;;;;;;
manejo_errores;Si el vector no se genera, dar aviso a D.D.O.;;;;;;
req_obligatorio;;;;;;;
algoritmo_generacion;;;;;;;
requerimiento_funcional;;;;;;;
nombre;VX010256;req_obligatorio;1;;;;
activo;1;;;;;;
vigencia_exclusiva;;;;;;;
fuente_informacion;F1898;;;;;;
campo_especifico;Columna {RUT del Deudor};Columna { NÃ‚Â° ÃƒÅ¡nico de Operacion};;;;;
algoritmo_generacion;Si para {RUT del deudor}, el {NÃ‚Â° ÃƒÅ¡nico de operacion} existe mas de una vez,;;;;;;
formato_detalle;Registro DDJJ;;;;;;
campos_salida;Rut1, Valor;;;;;;
manejo_errores;;;;;;;
req_obligatorio;;;;;;;
algoritmo_generacion;;;;;;;
algoritmo_generacion;;;;;;;
requerimiento_funcional;;;;;;;
nombre;VX010258;Req.;;;;;
activo;1;;;;;;
vigencia_exclusiva;;;;;;;
fuente_informacion;F50;;;;;;
campo_especifico;[650], [653], [759], [763];;;;;;
algoritmo_generacion;F50;;;;;;
formato_detalle;ormato Detalle;Folio;Periodo Tributario;Fechade;;;
campos_salida;Rut1, Valor;;;;;;
manejo_errores;;;;;;;
formato_detalle;ormato Detalle;;;;;;
algoritmo_generacion;;;;;;;
requerimiento_funcional;;;;;;;
nombre;VX010260;req_obligatorio;1;;;;
activo;1;;;;;;
vigencia_exclusiva;;;;;;;
fuente_informacion;F22;;;;;;
campo_especifico;[06];[08];;;;;
algoritmo_generacion;Si par {[06] .y. [08]} se repite, entonces, por contribuyente:;;;;;;
formato_detalle;-;;;;;;
campos_salida;Rut1, Valor;;;;;;
manejo_errores;;;;;;;
req_obligatorio;;;;;;;
requerimiento_funcional;;;;;;;
nombre;VX010262;req_obligatorio;1;;;;
activo;1;;;;;;
vigencia_exclusiva;;;;;;;
fuente_informacion;F1887;;;;;;
campo_especifico;Columna {Montos Anuales Actualizados / Renta Total Neta Pagada (Art. 42, NÃ‚Â° 1,;;;;;;
algoritmo_generacion;Si registro NO esta observado, entonces:;;;;;;
formato_detalle;Registro DDJJJ;;;;;;
campos_salida;Rut1, Valor;;;;;;
manejo_errores;;;;;;;
req_obligatorio;;;;;;;
campo_especifico;;;;;;;
algoritmo_generacion;;;;;;;
requerimiento_funcional;;;;;;;
nombre_requerimiento;Vector Vx010269;req_obligatorio;1;;;;
activo;1;;;;;;
vigencia_exclusiva;1;;;;;;
fuente_informacion;F1822;;;;;;
campo_especifico;Columna {Creditos Para G.;;;;;;
algoritmo_generacion;Si registro esta observado, entonces:;;;;;;
formato_detalle;Registro DDJJ;;;;;;
campos_salida;Rut1, Valor;;;;;;
manejo_errores;Si el vector no se genera, dar aviso a D.D.O.;;;;;;
campo_especifico;;;;;;;
algoritmo_generacion;;;;;;;
req_obligatorio;;;;;;;
requerimiento_funcional;;;;;;;
nombre;VX010270;req_obligatorio;1;;;;
activo;1;;;;;;
vigencia_exclusiva;1;;;;;;
fuente_informacion;F50;;;;;;
campo_especifico;[682], [687], [692], [697], [702], [684], [689], [694], [699] y [704];;;;;;
algoritmo_generacion;F50;;;;;;
formato_detalle;ormato Detalle;Folio;Periodo;;;;
campos_salida;Rut1, Valor;;;;;;
manejo_errores;;;;;;;
algoritmo_generacion;;;;;;;
formato_detalle;ormato Detalle;;;;;;
requerimiento_funcional;;;;;;;
nombre;VX010271;req_obligatorio;1;;;;
activo;1;;;;;;
vigencia_exclusiva;;;;;;;
fuente_informacion;F1894;;;;;;
campo_especifico;Columna{Mayoro;;;;;;
algoritmo_generacion;Si registro NO esta observado, entonces:;;;;;;
formato_detalle;Registro  DDJJ;;;;;;
campos_salida;Rut1, Valor;;;;;;
manejo_errores;;;;;;;
req_obligatorio;;;;;;;
campo_especifico;;;;;;;
algoritmo_generacion;;;;;;;
requerimiento_funcional;;;;;;;
nombre;VX010273;req_obligatorio;1;;;;
activo;1;;;;;;
vigencia_exclusiva;;;;;;;
fuente_informacion;F22;;;;;;
campo_especifico;[07];;;;;;
algoritmo_generacion;Si Vx010350 = 2 .y. Folio F22 AT, [07] > 0, entonces:;;;;;;
formato_detalle;;;;;;;
campos_salida;Rut1, Valor;;;;;;
manejo_errores;;;;;;;
req_obligatorio;;;;;;;
algoritmo_generacion;;;;;;;
algoritmo_generacion;;;;;;;
requerimiento_funcional;;;;;;;
nombre;VX010274;req_obligatorio;1;;;;
activo;1;;;;;;
vigencia_exclusiva;;;;;;;
fuente_informacion;CVC;;;;;;
campo_especifico;RUT;;;;;;
algoritmo_generacion;Vx010274 (Rut1) = (Rut2i)     , con i=1,... Ã¯Æ’Â¥;;;;;;
formato_detalle;;;;;;;
campos_salida;Rut1, Valor;;;;;;
manejo_errores;;;;;;;
req_obligatorio;;;;;;;
requerimiento_funcional;;;;;;;
nombre;VECTOR VX010279;req_obligatorio;1;;;;
activo;1;;;;;;
vigencia_exclusiva;1;;;;;;
fuente_informacion;Vector Renta;;;;;;
campo_especifico;Vx010195Padre;Vx010195Hijo;Vx010350Hijo;;;;
"Fuente de Informacion: F22AT-1.""";;;;;;;
algoritmo_generacion;Si {Ã¢Ë†â€˜Por Hijo > 0}, entonces:;;;;;;
formato_detalle;Vx010195Hijo;;;;;;
campos_salida;Rut1, Valor;;;;;;
manejo_errores;Si el vector no se genera, dar aviso a D.D.O.;;;;;;
req_obligatorio;;;;;;;
algoritmo_generacion;;;;;;;
requerimiento_funcional;;;;;;;
nombre;VECTOR VX010280;req_obligatorio;1;;;;
activo;1;;;;;;
vigencia_exclusiva;1;;;;;;
fuente_informacion;Vector Renta;;;;;;
campo_especifico;Vx010007Padre;Vx010007Hijo;Vx010350Hijo;;;;
"Fuente de Informacion: F1879.""";;;;;;;
algoritmo_generacion;Si {Ã¢Ë†â€˜Por Hijo > 0}, entonces:;;;;;;
formato_detalle;Vx010007Hijo;;;;;;
campos_salida;Rut1, Valor;;;;;;
manejo_errores;Si el vector no se genera, dar aviso a D.D.O.;;;;;;
req_obligatorio;;;;;;;
algoritmo_generacion;;;;;;;
requerimiento_funcional;;;;;;;
nombre;VECTOR VX010281;req_obligatorio;1;;;;
activo;1;;;;;;
vigencia_exclusiva;1;;;;;;
fuente_informacion;Vector Renta;;;;;;
campo_especifico;Vx010011Padre;Vx010011Hijo;Vx010350Hijo;;;;
"Fuente de Informacion: F29.""";;;;;;;
algoritmo_generacion;Si {Ã¢Ë†â€˜Por Hijo > 0}, entonces:;;;;;;
formato_detalle;Vx010011Hijo;;;;;;
campos_salida;Rut1, Valor;;;;;;
manejo_errores;Si el vector no se genera, dar aviso a D.D.O.;;;;;;
req_obligatorio;;;;;;;
algoritmo_generacion;;;;;;;
requerimiento_funcional;;;;;;;
nombre;VECTOR VX010282;req_obligatorio;1;;;;
activo;1;;;;;;
vigencia_exclusiva;1;;;;;;
fuente_informacion;Vector Renta;;;;;;
campo_especifico;Vx010148Padre;Vx010148Hijo;Vx010350Hijo;;;;
"Fuente de Informacion: F1879.""";;;;;;;
algoritmo_generacion;Si {Ã¢Ë†â€˜Por Hijo > 0}, entonces:;;;;;;
formato_detalle;Vx010148Hijo;;;;;;
campos_salida;Rut1, Valor;;;;;;
manejo_errores;Si el vector no se genera, dar aviso a D.D.O.;;;;;;
req_obligatorio;;;;;;;
algoritmo_generacion;;;;;;;
requerimiento_funcional;;;;;;;
nombre;VECTOR VX010283;req_obligatorio;1;;;;
activo;1;;;;;;
vigencia_exclusiva;1;;;;;;
fuente_informacion;Vector Renta;;;;;;
campo_especifico;Vx010149Padre;Vx010149Hijo;Vx010350Hijo;;;;
"Fuente de Informacion: F1879.""";;;;;;;
algoritmo_generacion;Si {Ã¢Ë†â€˜Por Hijo > 0}, entonces:;;;;;;
formato_detalle;Vx010149Hijo;;;;;;
campos_salida;Rut1, Valor;;;;;;
manejo_errores;Si el vector no se genera, dar aviso a D.D.O.;;;;;;
req_obligatorio;;;;;;;
algoritmo_generacion;;;;;;;
requerimiento_funcional;;;;;;;
nombre;VECTOR VX010284;req_obligatorio;1;;;;
activo;1;;;;;;
vigencia_exclusiva;1;;;;;;
fuente_informacion;Vector Renta;;;;;;
campo_especifico;Vx010053Padre;Vx010053Hijo;Vx010350Hijo;;;;
"Fuente de Informacion: F1812 y F1887.""";;;;;;;
algoritmo_generacion;Si {Ã¢Ë†â€˜Por Hijo > 0}, entonces:;;;;;;
formato_detalle;Vx010053Hijo;;;;;;
campos_salida;Rut1, Valor;;;;;;
manejo_errores;Si el vector no se genera, dar aviso a D.D.O.;;;;;;
req_obligatorio;;;;;;;
algoritmo_generacion;;;;;;;
requerimiento_funcional;;;;;;;
nombre;VECTOR VX010285;req_obligatorio;1;;;;
activo;1;;;;;;
vigencia_exclusiva;1;;;;;;
fuente_informacion;Vector Renta;;;;;;
campo_especifico;Vx010059Padre;Vx010059Hijo;Vx010350Hijo;;;;
"Fuente de Informacion: F1890.""";;;;;;;
algoritmo_generacion;Si {Ã¢Ë†â€˜Por Hijo > 0}, entonces:;;;;;;
formato_detalle;Vx010059Hijo;;;;;;
campos_salida;Rut1, Valor;;;;;;
manejo_errores;Si el vector no se genera, dar aviso a D.D.O.;;;;;;
req_obligatorio;;;;;;;
algoritmo_generacion;;;;;;;
requerimiento_funcional;;;;;;;
nombre;VECTOR VX010286;req_obligatorio;1;;;;
activo;1;;;;;;
vigencia_exclusiva;1;;;;;;
fuente_informacion;Vector Renta;;;;;;
campo_especifico;Vx010238Padre;Vx010238Hijo;Vx010350Hijo;;;;
Fuente de Informacion: F1890;" F22 y CVC.""";;;;;;
algoritmo_generacion;Si {Ã¢Ë†â€˜Por Hijo > 0}, entonces:;;;;;;
formato_detalle;Vx010238Hijo;;;;;;
campos_salida;Rut1, Valor;;;;;;
manejo_errores;Si el vector no se genera, dar aviso a D.D.O.;;;;;;
req_obligatorio;;;;;;;
algoritmo_generacion;;;;;;;
requerimiento_funcional;;;;;;;
nombre;VECTOR VX010287;req_obligatorio;1;;;;
activo;1;;;;;;
vigencia_exclusiva;1;;;;;;
fuente_informacion;Vector Renta;;;;;;
campo_especifico;Vx010145Padre;Vx010145Hijo;Vx010350Hijo;;;;
"Fuente de Informacion: F1890.""";;;;;;;
algoritmo_generacion;Si {Ã¢Ë†â€˜Por Hijo > 0}, entonces:;;;;;;
formato_detalle;Vx010145Hijo;;;;;;
campos_salida;Rut1, Valor;;;;;;
manejo_errores;Si el vector no se genera, dar aviso a D.D.O.;;;;;;
req_obligatorio;;;;;;;
algoritmo_generacion;;;;;;;
requerimiento_funcional;;;;;;;
nombre;VECTOR VX010288;req_obligatorio;1;;;;
activo;1;;;;;;
vigencia_exclusiva;1;;;;;;
fuente_informacion;Vector Renta;;;;;;
campo_especifico;Vx010236Padre;Vx010236Hijo;Vx010350Hijo;;;;
Fuente de Informacion: F1890;" F22 y CVC.""";;;;;;
algoritmo_generacion;Si {Ã¢Ë†â€˜Por Hijo > 0}, entonces:;;;;;;
formato_detalle;Vx010236Hijo;;;;;;
campos_salida;Rut1, Valor;;;;;;
manejo_errores;Si el vector no se genera, dar aviso a D.D.O.;;;;;;
req_obligatorio;;;;;;;
algoritmo_generacion;;;;;;;
requerimiento_funcional;;;;;;;
nombre;VECTOR VX010289;req_obligatorio;1;;;;
activo;1;;;;;;
vigencia_exclusiva;1;;;;;;
fuente_informacion;Vector Renta;;;;;;
campo_especifico;Vx010118Padre;Vx010118Hijo;Vx010350Hijo;;;;
"Fuente de Informacion: F1894.""";;;;;;;
algoritmo_generacion;Si {Ã¢Ë†â€˜Por Hijo > 0}, entonces:;;;;;;
formato_detalle;Vx010118Hijo;;;;;;
campos_salida;Rut1, Valor;;;;;;
manejo_errores;Si el vector no se genera, dar aviso a D.D.O.;;;;;;
req_obligatorio;;;;;;;
algoritmo_generacion;;;;;;;
requerimiento_funcional;;;;;;;
nombre;VECTOR VX010290;req_obligatorio;1;;;;
activo;1;;;;;;
vigencia_exclusiva;1;;;;;;
fuente_informacion;Vector Renta;;;;;;
campo_especifico;Vx010240Padre;Vx010240Hijo;Vx010350Hijo;;;;
Fuente de Informacion: F1894;" F22 y CVC.""";;;;;;
algoritmo_generacion;Si {Ã¢Ë†â€˜Por Hijo > 0}, entonces:;;;;;;
formato_detalle;Vx010240Hijo;;;;;;
campos_salida;Rut1, Valor;;;;;;
manejo_errores;Si el vector no se genera, dar aviso a D.D.O.;;;;;;
req_obligatorio;;;;;;;
algoritmo_generacion;;;;;;;
requerimiento_funcional;;;;;;;
nombre;VECTOR VX010292;req_obligatorio;1;;;;
activo;1;;;;;;
vigencia_exclusiva;1;;;;;;
fuente_informacion;Vector Renta;;;;;;
campo_especifico;Vx010055Padre;Vx010055Hijo;Vx010350Hijo;;;;
"Fuente de Informacion: F1889.""";;;;;;;
algoritmo_generacion;Si {Ã¢Ë†â€˜Por Hijo > 0}, entonces:;;;;;;
formato_detalle;Vx010055Hijo;;;;;;
campos_salida;Rut1, Valor;;;;;;
manejo_errores;Si el vector no se genera, dar aviso a D.D.O.;;;;;;
req_obligatorio;;;;;;;
algoritmo_generacion;;;;;;;
requerimiento_funcional;;;;;;;
nombre;VECTOR VX010293;req_obligatorio;1;;;;
activo;1;;;;;;
vigencia_exclusiva;1;;;;;;
fuente_informacion;Vector Renta;;;;;;
campo_especifico;Vx010124Padre;Vx010124Hijo;Vx010350Hijo;;;;
"Fuente de Informacion: F50.""";;;;;;;
algoritmo_generacion;Si {Ã¢Ë†â€˜Por Hijo > 0}, entonces:;;;;;;
formato_detalle;Vx010124Hijo;;;;;;
campos_salida;Rut1, Valor;;;;;;
manejo_errores;Si el vector no se genera, dar aviso a D.D.O.;;;;;;
req_obligatorio;;;;;;;
algoritmo_generacion;;;;;;;
requerimiento_funcional;;;;;;;
nombre;VECTOR VX010294;req_obligatorio;1;;;;
activo;1;;;;;;
vigencia_exclusiva;1;;;;;;
fuente_informacion;Vector Renta;;;;;;
campo_especifico;Vx010064Padre;Vx010064Hijo;Vx010350Hijo;;;;
"Fuente de Informacion: F1891.""";;;;;;;
algoritmo_generacion;Si {Ã¢Ë†â€˜Por Hijo > 0}, entonces:;;;;;;
formato_detalle;Vx010064Hijo;;;;;;
campos_salida;Rut1, Valor;;;;;;
manejo_errores;Si el vector no se genera, dar aviso a D.D.O.;;;;;;
req_obligatorio;;;;;;;
algoritmo_generacion;;;;;;;
requerimiento_funcional;;;;;;;
nombre;VECTOR VX010295;req_obligatorio;1;;;;
activo;1;;;;;;
vigencia_exclusiva;1;;;;;;
fuente_informacion;Vector Renta;;;;;;
campo_especifico;Vx010088Padre;Vx010088Hijo;Vx010350Hijo;;;;
"Fuente de Informacion: F1890.""";;;;;;;
algoritmo_generacion;Si {Ã¢Ë†â€˜Por Hijo > 0}, entonces:;;;;;;
formato_detalle;Vx010088Hijo;;;;;;
campos_salida;Rut1, Valor;;;;;;
manejo_errores;Si el vector no se genera, dar aviso a D.D.O.;;;;;;
req_obligatorio;;;;;;;
algoritmo_generacion;;;;;;;
requerimiento_funcional;;;;;;;
nombre;VECTOR VX010296;req_obligatorio;1;;;;
activo;1;;;;;;
vigencia_exclusiva;1;;;;;;
fuente_informacion;Vector Renta;;;;;;
campo_especifico;Vx010239Padre;Vx010239Hijo;Vx010350Hijo;;;;
Fuente de Informacion: F1890;" F22 y CVC.""";;;;;;
algoritmo_generacion;Si {Ã¢Ë†â€˜Por Hijo > 0}, entonces:;;;;;;
formato_detalle;Vx010239Hijo;;;;;;
campos_salida;Rut1, Valor;;;;;;
manejo_errores;Si el vector no se genera, dar aviso a D.D.O.;;;;;;
req_obligatorio;;;;;;;
algoritmo_generacion;;;;;;;
requerimiento_funcional;;;;;;;
nombre;VECTOR VX010297;req_obligatorio;1;;;;
activo;1;;;;;;
vigencia_exclusiva;1;;;;;;
fuente_informacion;Vector Renta;;;;;;
campo_especifico;Vx010087Padre;Vx010087Hijo;Vx010350Hijo;;;;
"Fuente de Informacion: F1889.""";;;;;;;
algoritmo_generacion;Si {Ã¢Ë†â€˜Por Hijo > 0}, entonces:;;;;;;
formato_detalle;Vx010087Hijo;;;;;;
campos_salida;Rut1, Valor;;;;;;
manejo_errores;Si el vector no se genera, dar aviso a D.D.O.;;;;;;
req_obligatorio;;;;;;;
algoritmo_generacion;;;;;;;
requerimiento_funcional;;;;;;;
nombre;VECTOR VX010298;req_obligatorio;1;;;;
activo;1;;;;;;
vigencia_exclusiva;1;;;;;;
fuente_informacion;Vector Renta;;;;;;
campo_especifico;Vx010089Padre;Vx010089Hijo;Vx010350Hijo;;;;
"Fuente de Informacion: F1894.""";;;;;;;
algoritmo_generacion;Si {Ã¢Ë†â€˜Por Hijo > 0}, entonces:;;;;;;
formato_detalle;Vx010089Hijo;;;;;;
campos_salida;Rut1, Valor;;;;;;
manejo_errores;Si el vector no se genera, dar aviso a D.D.O.;;;;;;
req_obligatorio;;;;;;;
algoritmo_generacion;;;;;;;
requerimiento_funcional;;;;;;;
nombre;VECTOR VX010299;req_obligatorio;1;;;;
activo;1;;;;;;
vigencia_exclusiva;1;;;;;;
fuente_informacion;Vector Renta;;;;;;
campo_especifico;Vx010241Padre;Vx010241Hijo;Vx010350Hijo;;;;
Fuente de Informacion: F1894;" F22 y CVC.""";;;;;;
algoritmo_generacion;Si {Ã¢Ë†â€˜Por Hijo > 0}, entonces:;;;;;;
formato_detalle;Vx010241Hijo;;;;;;
campos_salida;Rut1, Valor;;;;;;
manejo_errores;Si el vector no se genera, dar aviso a D.D.O.;;;;;;
req_obligatorio;;;;;;;
algoritmo_generacion;;;;;;;
requerimiento_funcional;;;;;;;
nombre;VECTOR VX010300;req_obligatorio;1;;;;
activo;1;;;;;;
vigencia_exclusiva;1;;;;;;
fuente_informacion;Vector Renta;;;;;;
campo_especifico;Vx010146Padre;Vx010146Hijo;Vx010350Hijo;;;;
"Fuente de Informacion: F1890.""";;;;;;;
algoritmo_generacion;Si {Ã¢Ë†â€˜Por Hijo > 0}, entonces:;;;;;;
formato_detalle;Vx010146Hijo;;;;;;
campos_salida;Rut1, Valor;;;;;;
manejo_errores;Si el vector no se genera, dar aviso a D.D.O.;;;;;;
req_obligatorio;;;;;;;
algoritmo_generacion;;;;;;;
requerimiento_funcional;;;;;;;
nombre;VECTOR VX010301;req_obligatorio;1;;;;
activo;1;;;;;;
vigencia_exclusiva;1;;;;;;
fuente_informacion;Vector Renta;;;;;;
campo_especifico;Vx010237Padre;Vx010237Hijo;Vx010350Hijo;;;;
Fuente de Informacion: F1890;" F22 y CVC.""";;;;;;
algoritmo_generacion;Si {Ã¢Ë†â€˜Por Hijo > 0}, entonces:;;;;;;
formato_detalle;Vx010237Hijo;;;;;;
campos_salida;Rut1, Valor;;;;;;
manejo_errores;Si el vector no se genera, dar aviso a D.D.O.;;;;;;
req_obligatorio;;;;;;;
algoritmo_generacion;;;;;;;
requerimiento_funcional;;;;;;;
nombre;VECTOR VX010304;req_obligatorio;1;;;;
activo;1;;;;;;
vigencia_exclusiva;1;;;;;;
fuente_informacion;Vector Renta;;;;;;
campo_especifico;Vx010156Padre;Vx010156Hijo;Vx010350Hijo;;;;
"Fuente de Informacion: F1822.""";;;;;;;
algoritmo_generacion;Si {Ã¢Ë†â€˜Por Hijo > 0}, entonces:;;;;;;
formato_detalle;Vx010156Hijo;;;;;;
campos_salida;Rut1, Valor;;;;;;
manejo_errores;Si el vector no se genera, dar aviso a D.D.O.;;;;;;
req_obligatorio;;;;;;;
algoritmo_generacion;;;;;;;
req_obligatorio;;;;;;;
requerimiento_funcional;;;;;;;
nombre;VECTOR VX010308;req_obligatorio;1;;;;
activo;1;;;;;;
vigencia_exclusiva;1;;;;;;
fuente_informacion;Vector Renta;;;;;;
campo_especifico;Vx010123Padre;Vx010123Hijo;Vx010350Hijo;;;;
"Fuente de Informacion: F22 y CVC.""";;;;;;;
algoritmo_generacion;Si {Ã¢Ë†â€˜Por Hijo > 0}, entonces:;;;;;;
formato_detalle;Vx010123Hijo;;;;;;
campos_salida;Rut1, Valor;;;;;;
manejo_errores;Si el vector no se genera, dar aviso a D.D.O.;;;;;;
algoritmo_generacion;;;;;;;
requerimiento_funcional;;;;;;;
nombre;VECTOR VX010313;req_obligatorio;1;;;;
activo;1;;;;;;
vigencia_exclusiva;;;;;;;
fuente_informacion;F22;;;;;;
campo_especifico;;;;;;;
algoritmo_generacion;Si {Ã¢Ë†â€˜Por Hijo > 0}, entonces:;;;;;;
formato_detalle;Rut Sociedad;% de Participacion en Utilidades;[187] Sociedad;;;;
campos_salida;Rut1, Valor;;;;;;
manejo_errores;;;;;;;
req_obligatorio;;;;;;;
algoritmo_generacion;;;;;;;
algoritmo_generacion;;;;;;;
requerimiento_funcional;;;;;;;
nombre;VX010314;req_obligatorio;1;;;;
activo;1;;;;;;
vigencia_exclusiva;;;;;;;
fuente_informacion;F1811;;;;;;
campo_especifico;;;;;;;
algoritmo_generacion;Si {Ã¢Ë†â€˜Por Hijo > 0}, entonces:;;;;;;
formato_detalle;Registros DDJJ;;;;;;
campos_salida;Rut1, Valor;;;;;;
manejo_errores;;;;;;;
req_obligatorio;;;;;;;
requerimiento_funcional;;;;;;;
nombre;VX010315;req_obligatorio;1;;;;
activo;1;;;;;;
vigencia_exclusiva;;;;;;;
fuente_informacion;F1812;F1887;;;;;
campo_especifico;;;;;;;
algoritmo_generacion;Si {Ã¢Ë†â€˜Por Hijo > 0}, entonces:;;;;;;
formato_detalle;Registros DDJJ;;;;;;
campos_salida;Rut1, Valor;;;;;;
manejo_errores;;;;;;;
req_obligatorio;;;;;;;
algoritmo_generacion;;;;;;;
requerimiento_funcional;;;;;;;
nombre;VX010317;req_obligatorio;1;;;;
activo;1;;;;;;
vigencia_exclusiva;;;;;;;
fuente_informacion;F1812;F1887;;;;;
campo_especifico;;;;;;;
algoritmo_generacion;Si {Ã¢Ë†â€˜Por Hijo > 0}, entonces:;;;;;;
formato_detalle;Registros DDJJ;;;;;;
campos_salida;Rut1, Valor;;;;;;
manejo_errores;;;;;;;
req_obligatorio;;;;;;;
algoritmo_generacion;;;;;;;
req_obligatorio;;;;;;;
algoritmo_generacion;;;;;;;
requerimiento_funcional;;;;;;;
nombre;VECTOR VX010318;req_obligatorio;1;;;;
activo;1;;;;;;
vigencia_exclusiva;1;;;;;;
fuente_informacion;Vector Renta;;;;;;
campo_especifico;Vx010188PADRE;Vx010188HIJO;Vx010350HIJO;;;;
FuentedeInformacion:NominaTransferenciasdeVehiculosUsados;;;;;;;
algoritmo_generacion;Si {Ã¢Ë†â€˜Por Hijo > 0}, entonces:;;;;;;
formato_detalle;Vx010188HIJO;;;;;;
campos_salida;Rut1, Valor;;;;;;
manejo_errores;Si el vector no se genera, dar aviso a D.D.O.;;;;;;
requerimiento_funcional;;;;;;;
nombre;VX010319;req_obligatorio;1;;;;
activo;1;;;;;;
vigencia_exclusiva;;;;;;;
fuente_informacion;F22;;;;;;
campo_especifico;;;;;;;
algoritmo_generacion;Si {Ã¢Ë†â€˜Por Hijo > 0}, entonces:;;;;;;
formato_detalle;Folio;Fecha de Presentacion;Codigo [647];;;;
campos_salida;Rut1, Valor;;;;;;
manejo_errores;;;;;;;
req_obligatorio;;;;;;;
algoritmo_generacion;;;;;;;
req_obligatorio;;;;;;;
algoritmo_generacion;;;;;;;
requerimiento_funcional;;;;;;;
nombre;VX010320;req_obligatorio;1;;;;
activo;1;;;;;;
vigencia_exclusiva;;;;;;;
fuente_informacion;F22;;;;;;
campo_especifico;;;;;;;
algoritmo_generacion;Si {Ã¢Ë†â€˜Por Hijo > 0}, entonces:;;;;;;
formato_detalle;Folio;Periodo Tributario;Fecha de Presentacion;Codigo [174];;;
campos_salida;Rut1, Valor;;;;;;
manejo_errores;;;;;;;
requerimiento_funcional;;;;;;;
nombre;VX010326;req_obligatorio;1;;;;
activo;1;;;;;;
vigencia_exclusiva;;;;;;;
fuente_informacion;F1822;;;;;;
campo_especifico;;;;;;;
algoritmo_generacion;Si {Ã¢Ë†â€˜Por Hijo > 0}, entonces:;;;;;;
formato_detalle;Registro DDJJ;;;;;;
campos_salida;Rut1, Valor;;;;;;
manejo_errores;;;;;;;
req_obligatorio;;;;;;;
algoritmo_generacion;;;;;;;
requerimiento_funcional;;;;;;;
nombre;VX010330;req_obligatorio;1;;;;
activo;1;;;;;;
vigencia_exclusiva;;;;;;;
fuente_informacion;F22;;;;;;
campo_especifico;;;;;;;
algoritmo_generacion;Si {Ã¢Ë†â€˜Por Hijo > 0}, entonces:;;;;;;
formato_detalle;RUT Sociedad;% de Participacion en Utilidades;[618 ] Sociedad;;;;
campos_salida;Rut1, Valor;;;;;;
manejo_errores;;;;;;;
req_obligatorio;;;;;;;
algoritmo_generacion;;;;;;;
requerimiento_funcional;;;;;;;
nombre;VX010331;req_obligatorio;1;;;;
activo;1;;;;;;
vigencia_exclusiva;;;;;;;
fuente_informacion;Vector Renta;;;;;;
campo_especifico;;;;;;;
algoritmo_generacion;Si {Ã¢Ë†â€˜Por Hijo > 0}, entonces:;;;;;;
formato_detalle;Algoritmo de Generacion Vx201;;;;;;
campos_salida;Rut1, Valor;;;;;;
manejo_errores;;;;;;;
req_obligatorio;;;;;;;
algoritmo_generacion;;;;;;;
requerimiento_funcional;;;;;;;
nombre;VX010334;req_obligatorio;1;;;;
activo;1;;;;;;
vigencia_exclusiva;;;;;;;
fuente_informacion;F1891;;;;;;
campo_especifico;;;;;;;
algoritmo_generacion;Si {Ã¢Ë†â€˜Por Hijo > 0}, entonces:;;;;;;
formato_detalle;Registros DDJJ;;;;;;
campos_salida;Rut1, Valor;;;;;;
manejo_errores;;;;;;;
req_obligatorio;;;;;;;
algoritmo_generacion;;;;;;;
algoritmo_generacion;;;;;;;
